Sample,DS001C_MRS_Blank_1_HILICMSneg_20231023.d,DS001C_MRS_Blank_2_HILICMSneg_20231023.d,DS001C_MRS_Blank_3_HILICMSneg_20231023.d,DS001C_MRS_Blank_4_HILICMSneg_20231023.d,DS001C_MRS_Blank_5_HILICMSneg_20231023.d,DS001C_MRS_Blank_6_HILICMSneg_20231023.d,DS001C_MRS_LGG_1_HILICMSneg_20231023.d,DS001C_MRS_LGG_2_HILICMSneg_20231023.d,DS001C_MRS_LGG_3_HILICMSneg_20231023.d,DS001C_MRS_LGG_4_HILICMSneg_20231023.d,DS001C_MRS_LGG_5_HILICMSneg_20231023.d,DS001C_MRS_LGG_6_HILICMSneg_20231023.d,DS001C_MRS_RC-14_1_HILICMSneg_20231023.d,DS001C_MRS_RC-14_2_HILICMSneg_20231023.d,DS001C_MRS_RC-14_3_HILICMSneg_20231023.d,DS001C_MRS_RC-14_4_HILICMSneg_20231023.d,DS001C_MRS_RC-14_5_HILICMSneg_20231023.d,DS001C_MRS_RC-14_6_HILICMSneg_20231023.d,DS001C_MRS_V1061_1_HILICMSneg_20231023.d,DS001C_MRS_V1061_2_HILICMSneg_20231023.d,DS001C_MRS_V1061_3_HILICMSneg_20231023.d,DS001C_MRS_V1061_4_HILICMSneg_20231023.d,DS001C_MRS_V1061_5_HILICMSneg_20231023.d,DS001C_MRS_V1061_6_HILICMSneg_20231023.d,DS001C_MRS_V195_1_HILICMSneg_20231023.d,DS001C_MRS_V195_2_HILICMSneg_20231023.d,DS001C_MRS_V195_3_HILICMSneg_20231023.d,DS001C_MRS_V195_4_HILICMSneg_20231023.d,DS001C_MRS_V195_5_HILICMSneg_20231023.d,DS001C_MRS_V195_6_HILICMSneg_20231023.d,DS001C_MRS_V336_1_HILICMSneg_20231023.d,DS001C_MRS_V336_2_HILICMSneg_20231023.d,DS001C_MRS_V336_3_HILICMSneg_20231023.d,DS001C_MRS_V336_4_HILICMSneg_20231023.d,DS001C_MRS_V336_5_HILICMSneg_20231023.d,DS001C_MRS_V336_6_HILICMSneg_20231023.d,DS001C_MRS_V339_1_HILICMSneg_20231023.d,DS001C_MRS_V339_2_HILICMSneg_20231023.d,DS001C_MRS_V339_3_HILICMSneg_20231023.d,DS001C_MRS_V339_4_HILICMSneg_20231023.d,DS001C_MRS_V339_5_HILICMSneg_20231023.d,DS001C_MRS_V339_6_HILICMSneg_20231023.d,DS001C_MRS_V347_1_HILICMSneg_20231023.d,DS001C_MRS_V347_2_HILICMSneg_20231023.d,DS001C_MRS_V347_3_HILICMSneg_20231023.d,DS001C_MRS_V347_4_HILICMSneg_20231023.d,DS001C_MRS_V347_5_HILICMSneg_20231023.d,DS001C_MRS_V347_6_HILICMSneg_20231023.d,DS001C_MRS_V368_1_HILICMSneg_20231023.d,DS001C_MRS_V368_2_HILICMSneg_20231023.d,DS001C_MRS_V368_3_HILICMSneg_20231023.d,DS001C_MRS_V368_4_HILICMSneg_20231023.d,DS001C_MRS_V368_5_HILICMSneg_20231023.d,DS001C_MRS_V368_6_HILICMSneg_20231023.d,DS001C_MRS_V369_1_HILICMSneg_20231023.d,DS001C_MRS_V369_2_HILICMSneg_20231023.d,DS001C_MRS_V369_3_HILICMSneg_20231023.d,DS001C_MRS_V369_4_HILICMSneg_20231023.d,DS001C_MRS_V369_5_HILICMSneg_20231023.d,DS001C_MRS_V369_6_HILICMSneg_20231023.d,DS001C_MRS_V370_1_HILICMSneg_20231023.d,DS001C_MRS_V370_2_HILICMSneg_20231023.d,DS001C_MRS_V370_3_HILICMSneg_20231023.d,DS001C_MRS_V370_4_HILICMSneg_20231023.d,DS001C_MRS_V370_5_HILICMSneg_20231023.d,DS001C_MRS_V370_6_HILICMSneg_20231023.d,DS001C_MRS_V371_1_HILICMSneg_20231023.d,DS001C_MRS_V371_2_HILICMSneg_20231023.d,DS001C_MRS_V371_3_HILICMSneg_20231023.d,DS001C_MRS_V371_4_HILICMSneg_20231023.d,DS001C_MRS_V371_5_HILICMSneg_20231023.d,DS001C_MRS_V371_6_HILICMSneg_20231023.d,DS001C_MRS-R_Blank_1_HILICMSneg_20231023.d,DS001C_MRS-R_Blank_2_HILICMSneg_20231023.d,DS001C_MRS-R_Blank_3_HILICMSneg_20231023.d,DS001C_MRS-R_Blank_4_HILICMSneg_20231023.d,DS001C_MRS-R_Blank_5_HILICMSneg_20231023.d,DS001C_MRS-R_Blank_6_HILICMSneg_20231023.d,DS001C_MRS-R_LGG_1_HILICMSneg_20231023.d,DS001C_MRS-R_LGG_2_HILICMSneg_20231023.d,DS001C_MRS-R_LGG_3_HILICMSneg_20231023.d,DS001C_MRS-R_LGG_4_HILICMSneg_20231023.d,DS001C_MRS-R_LGG_5_HILICMSneg_20231023.d,DS001C_MRS-R_LGG_6_HILICMSneg_20231023.d,DS001C_MRS-R_RC-14_1_HILICMSneg_20231023.d,DS001C_MRS-R_RC-14_2_HILICMSneg_20231023.d,DS001C_MRS-R_RC-14_3_HILICMSneg_20231023.d,DS001C_MRS-R_RC-14_4_HILICMSneg_20231023.d,DS001C_MRS-R_RC-14_5_HILICMSneg_20231023.d,DS001C_MRS-R_RC-14_6_HILICMSneg_20231023.d,DS001C_MRS-R_V1061_1_HILICMSneg_20231023.d,DS001C_MRS-R_V1061_2_HILICMSneg_20231023.d,DS001C_MRS-R_V1061_3_HILICMSneg_20231023.d,DS001C_MRS-R_V1061_4_HILICMSneg_20231023.d,DS001C_MRS-R_V1061_5_HILICMSneg_20231023.d,DS001C_MRS-R_V1061_6_HILICMSneg_20231023.d,DS001C_MRS-R_V195_1_HILICMSneg_20231023.d,DS001C_MRS-R_V195_2_HILICMSneg_20231023.d,DS001C_MRS-R_V195_3_HILICMSneg_20231023.d,DS001C_MRS-R_V195_4_HILICMSneg_20231023.d,DS001C_MRS-R_V195_5_HILICMSneg_20231023.d,DS001C_MRS-R_V195_6_HILICMSneg_20231023.d,DS001C_MRS-R_V336_1_HILICMSneg_20231023.d,DS001C_MRS-R_V336_2_HILICMSneg_20231023.d,DS001C_MRS-R_V336_3_HILICMSneg_20231023.d,DS001C_MRS-R_V336_4_HILICMSneg_20231023.d,DS001C_MRS-R_V336_5_HILICMSneg_20231023.d,DS001C_MRS-R_V336_6_HILICMSneg_20231023.d,DS001C_MRS-R_V339_1_HILICMSneg_20231023.d,DS001C_MRS-R_V339_2_HILICMSneg_20231023.d,DS001C_MRS-R_V339_3_HILICMSneg_20231023.d,DS001C_MRS-R_V339_4_HILICMSneg_20231023.d,DS001C_MRS-R_V339_5_HILICMSneg_20231023.d,DS001C_MRS-R_V339_6_HILICMSneg_20231023.d,DS001C_MRS-R_V347_1_HILICMSneg_20231023.d,DS001C_MRS-R_V347_2_HILICMSneg_20231023.d,DS001C_MRS-R_V347_3_HILICMSneg_20231023.d,DS001C_MRS-R_V347_4_HILICMSneg_20231023.d,DS001C_MRS-R_V347_5_HILICMSneg_20231023.d,DS001C_MRS-R_V347_6_HILICMSneg_20231023.d,DS001C_MRS-R_V368_1_HILICMSneg_20231023.d,DS001C_MRS-R_V368_2_HILICMSneg_20231023.d,DS001C_MRS-R_V368_3_HILICMSneg_20231023.d,DS001C_MRS-R_V368_4_HILICMSneg_20231023.d,DS001C_MRS-R_V368_5_HILICMSneg_20231023.d,DS001C_MRS-R_V368_6_HILICMSneg_20231023.d,DS001C_MRS-R_V369_1_HILICMSneg_20231023.d,DS001C_MRS-R_V369_2_HILICMSneg_20231023.d,DS001C_MRS-R_V369_3_HILICMSneg_20231023.d,DS001C_MRS-R_V369_4_HILICMSneg_20231023.d,DS001C_MRS-R_V369_5_HILICMSneg_20231023.d,DS001C_MRS-R_V369_6_HILICMSneg_20231023.d,DS001C_MRS-R_V370_1_HILICMSneg_20231023.d,DS001C_MRS-R_V370_2_HILICMSneg_20231023.d,DS001C_MRS-R_V370_3_HILICMSneg_20231023.d,DS001C_MRS-R_V370_4_HILICMSneg_20231023.d,DS001C_MRS-R_V370_5_HILICMSneg_20231023.d,DS001C_MRS-R_V370_6_HILICMSneg_20231023.d,DS001C_MRS-R_V371_1_HILICMSneg_20231023.d,DS001C_MRS-R_V371_2_HILICMSneg_20231023.d,DS001C_MRS-R_V371_3_HILICMSneg_20231023.d,DS001C_MRS-R_V371_4_HILICMSneg_20231023.d,DS001C_MRS-R_V371_5_HILICMSneg_20231023.d,DS001C_MRS-R_V371_6_HILICMSneg_20231023.d,DS001C_Waterblank_1_1_HILICMSneg_20231023.d,DS001C_Waterblank_2_1_HILICMSneg_20231023.d,DS001C_Waterblank_3_3_HILICMSneg_20231023.d,DS001C_Waterblank_4_4_HILICMSneg_20231023.d,DS001C_Waterblank_5_5_HILICMSneg_20231023.d,DS001C_Waterblank_6_6_HILICMSneg_20231023.d,DS001C_Waterblank_7_7_HILICMSneg_20231023.d,DS001C_Waterblank_8_8_HILICMSneg_20231023.d,DS001C_Waterblank_9_9_HILICMSneg_20231023.d
3-hydroxyanthranilic acid_152.0347_2.48,1694777,4391743,2937469,4647587,4541235,0,2833520,336215,1293649,4367878,4336504,7710829,508967,9894519,4419689,686405,765369,5077185,5864451,6478830,6270452,2566311,6214471,5126112,5412944,1061319,4852412,2011144,5352587,1877624,3029943,2546022,2984319,7201574,6228282,2012180,1799248,924429,6082189,2270975,1577080,336789,13364002,10112934,885540,10167017,12923273,8272057,1096923,10364007,1852974,1053528,2885821,6994756,1289821,12412143,1554562,6518220,8452169,1700236,5325314,1170193,382862,1294704,770482,4620,4185017,3865725,1936684,2059718,2264033,4410758,1538385,1062963,1477577,4364776,2374764,1789760,8495088,4791529,3500597,493539,11797417,13674047,42617,12213218,1754627,4857820,3578831,2138658,1425793,1038948,1377500,1716642,5755593,2296681,5299732,1602017,5555057,5550256,1225743,1096938,170712,262979,3328285,1061223,7709522,1796440,758140,39957,4496712,78397,1426376,6273593,16723178,14651475,161018,15529617,182285,1356232,15715616,10486417,14297858,295277,392590,523386,1811220,1746834,12230638,2898084,16806857,376107,144320,1771934,5209994,241943,6800554,1057515,2087102,10265392,2043367,1396211,740745,4283548,0,16353,50714,7572,9695,3171,8856,0,4853
3-hydroxykynurenine_223.07191_5.131,2497054,2003811,2666470,1904186,1997833,0,380243,1742687,279103,131650,566469,375623,1166176,1275611,1450156,1644434,1409974,1263594,1295524,1664562,1677566,1778359,1886084,1833895,1465419,1859844,1615368,1794467,1657865,1698545,2684344,2656554,2471581,2760453,498413,2751039,2708274,2702205,2213360,2996759,2726731,2218941,1687318,2444726,1722907,2032373,1985370,1784672,1859155,2309519,3416056,1965808,1878041,3491396,1335851,1721582,2095537,1932722,1552742,2081408,1137763,1163828,0,1603538,820303,3227,2276972,2332922,1664376,2183068,2155013,1803859,2868582,1703461,1679653,1844079,1955626,1821500,121916,2034442,139981,684956,351396,260330,181607,592240,1086376,402444,714506,1119650,1869801,883680,1487796,1175374,1463115,991158,1037516,807201,981207,870068,1304364,1379158,142441,2333319,2215967,105843,1322781,63520,1228799,2331492,1591662,3273328,342239,1010883,81971,2016347,1593402,1170330,1018788,195240,927731,1306082,1747268,881404,2200707,2423263,734135,188651,282792,176382,45384,73291,27450,69453,1196606,1764463,906814,1327804,374399,1250601,1794316,1463866,1225339,323197,25689,21296,51952,7364,0,6321,8651,4553,6964
Indole-3-acetamide_173.07151_1.505,3385266,2040257,3545157,4054967,4708801,20524,4457479,6237871,3565744,3405016,3498085,4401995,5728282,4017461,3633647,3803485,3575732,3482624,4809065,5263885,3930605,4881528,3247343,274093,2306914,2248498,2577515,1191187,4140040,4192439,5435924,5373528,5328343,4741450,5474987,4650411,3215236,5750698,6750199,7680566,5508704,5948955,7004031,7671963,7380348,8925325,3874226,3904280,736310,4017620,1831866,3553709,1301824,3520044,4911179,6377020,2522884,2401928,3885546,3470494,2510273,1443180,265338,1632993,758609,0,3973190,2868673,4851246,3299276,3270081,3632432,4926274,4539228,4390716,3873504,4413615,5242204,4486705,3426222,4280741,4382717,4120805,4797045,925399,5683571,2826963,5132018,3306393,3804415,2434178,5132864,4858707,5173891,3881777,2729877,3650780,3059684,3995863,3442576,2601523,2716498,2648622,4145058,3418090,2912059,3748982,2584290,9919493,8047347,7127665,5941022,7302671,5803734,8154877,7180148,6358857,4035303,6716604,5327500,5785882,4495495,4802040,4341674,2344598,4187326,3829402,2331309,3384355,3457481,4497393,4086712,14066,4692748,4107285,364485,2454917,2936709,5834780,3566091,4558500,3064263,3242627,3330524,4021,6013,92117,3237,1943,0,5803,0,2700
Indole-3-acetonitrile_155.06095_1.403,1736942,3544595,4458296,2767402,2091639,14255,2307613,1535164,2794195,2473641,2997233,3402013,3718321,3372775,2634641,855608,1137859,2833425,777876,1241043,1097693,1059694,4199371,2956913,8539164,1779207,802726,3194527,8638558,7642008,3322950,3116363,3535276,537298,3524655,1132960,1243123,269108,410165,6687639,4600187,1144314,3453927,326623,4217075,2347484,3256233,3612513,3088061,4014403,751386,1061782,2215596,828301,1425748,2914630,459147,1512585,4946778,3115379,1108266,935435,590865,1750817,1666014,4557,3641617,3495050,93609,832006,5513188,1229176,1942391,4272334,3759874,4098579,81854,1099093,1024628,578072,3588723,5337299,3286535,1632565,85660,1919554,1823932,54802,1831736,462723,1953712,625944,520152,2704729,2799885,877624,239699,1669230,8306094,2340281,1873175,2428302,144463,951429,100293,1196170,930684,1736515,127472,5050035,1320743,1125374,528406,3528432,492490,3155924,1234487,961882,869543,796750,896212,3291327,323549,1217855,95332,3291620,2949801,424953,3188615,716021,417775,1257835,20137,3095758,2231020,2461675,2466121,2683925,3077407,2913248,2237954,1805141,2842840,829207,29048,8932,634071,0,3166,1566,10416,4450,0
Indole-3-acrylic acid_186.0555_2.558,6218793,5347071,5589469,6101378,5948085,7630,3215287,3323357,2759818,1763505,8323797,10560821,3376349,2925012,2632879,2927634,2433867,3526367,4237926,4562526,4300563,4667448,4910448,4280187,5644817,4721579,5399010,5128200,4940809,5082173,3595884,4650987,2649021,15396173,4565899,3005375,3189170,3243658,2765926,9607680,9161400,4478642,8350013,3513265,3175449,3108288,3713614,2370317,4219041,3523346,3973814,2518482,3062885,2531701,33367135,4051536,2698745,2925923,3336248,3601447,52414842,51140530,25955044,55915563,43697571,524884,2970054,2878668,3912968,3263583,3471027,3366930,1969077,2269312,2474751,5360589,1841196,1489641,7108364,10238917,7990351,5790463,6248871,5701099,2696619,1151747,796071,1041217,1144928,630274,1063223,643260,1690114,2011013,1519261,2812123,1817011,256589,2970574,2025008,1226424,5154096,1045909,1015628,1459167,4296328,1674870,2929697,1216728,19221912,1880498,1606093,3042600,2092109,697441,2677390,2625647,16519046,13099181,2433898,701151,2587130,1040744,20788617,2278997,1923210,10075492,2460855,1764918,1573525,705702,29927701,9589096,2699101,2592231,2106786,2247142,52322244,2907846,2327459,749877,936881,18324450,993149,8422,1992,3036370,67376,76733,61493,154894,20318,61523
Indole-3-butyric acid_202.08683_1.771,11996844,12251889,11409945,10601094,13797902,0,43596950,47411910,41368746,40647545,43721446,34162393,21199439,22546179,21107359,22389804,24042312,24139496,18305747,16187856,13912788,19045116,16551743,20231389,17695771,11383752,9036833,9892964,10318555,11575951,29837845,27816212,30768020,35142837,29610233,30581397,28498477,18482364,17212993,29729754,26701286,25256280,30799865,27219462,27826029,27804000,29219106,25116967,25611902,22670272,26875949,26654554,22282590,18536388,31094010,29270986,30120353,31852658,28448588,26999395,8660278,7842214,563296,12450914,4176308,27143,26091406,26722857,26988847,27455278,19733328,19745655,12276000,27045093,2485625,17097440,7913773,10765135,30814734,28665856,29975779,31033500,28430189,27935356,78820108,15734322,14875654,2180727,2025113,1142372,11435912,12679880,7555051,16339809,9145556,10541846,8092632,1555043,6429332,8378083,5623081,9292958,26128845,23483518,22312740,20224730,19884778,27417035,22777275,24105219,19303461,18201076,20302006,20804393,23223452,17005829,19968172,22584082,20913490,17118749,25121002,19871915,280359,319323,20559894,24857329,30390539,26793139,24572439,21723541,10241011,10669495,236445,19105553,16590070,16090547,12797614,12674385,9132815,18468701,20336997,18215620,21350489,21082753,18958,16076,75713,6037,0,2336,29559,15808,0
3-indole-pyurvic acid_202.05044_1.537,7148710,2204642,3206579,2369301,1960825,62659,1868236,5209260,3961401,141747,496797,1692739,2732167,2766180,883112,695384,2635141,3133783,2731140,5779277,1535700,1333177,4256751,340180,1289404,3013316,1973796,2679397,1822961,285299,1655628,4086959,1562701,2195829,1188046,5127251,3558966,3682582,4677198,1476174,2511487,2482313,3247485,2641181,2894628,2085998,3040242,3854581,906558,1884792,1692296,3145580,1786280,266503,992401,2135945,344051,1885093,1505665,1840207,133296,826669,129486,989691,521889,15095,5119582,2953421,2560604,156439,3220024,3495108,24826248,1150571,1805505,2745993,1232711,3039141,830052,2137589,550637,1170891,2363016,1234399,204733,1750946,2988512,1890196,2696157,805775,2244873,1403264,1038073,2839144,2377239,3270833,3124860,4367566,912073,1808939,549815,1528311,3063410,4269353,2234864,1853968,3249951,3673716,3519423,6625010,2020147,4414680,5590980,1937758,2707791,2313715,2714157,1997104,2756845,1427040,1472791,1519952,2171128,2466808,3582965,1882755,3801949,1395984,343498,2229420,4112829,572580,703094,299014,2607636,2833470,2388550,2708287,2390238,1549143,2219977,2660038,1246414,1850503,226186,4204,1512312,18998,6284,34606,15535,6852,77647
3-Methy2-oxindole-Indole-3-carbinol_146.06061_1.456,141302,294353,111124,235553,101718,14984,2680421,958640,645385,1775175,1489596,1320041,809473,113561,230898,67163,381629,1258648,217383,761166,58146,0,1143508,164018,97005,778615,111563,71147,169899,249063,471005,3190473,1642506,189492,1366948,1378863,650201,173105,62818,119543,691200,1606689,793048,916920,434334,1306566,145779,1150742,2436287,1748320,292757,121167,1356711,206843,1257616,2642577,656689,48560,84790,1417323,80947,60996,111953,482810,0,4682,296554,428678,89650,53762,1426296,1514117,202719,226016,205856,221604,148076,200705,303288,518350,245273,1030168,141353,1889424,2373462,706039,1696323,1017987,117531,75991,83461,156085,743865,1396006,137579,79410,83862,299981,27450,282645,344744,224187,1251916,387013,187094,1024812,227207,756011,785782,53933,240086,365855,550270,100442,198382,764740,439994,325892,848032,255218,1327354,84337,163144,340772,55951,129727,91344,257419,68774,319593,32662,532716,26475,1099775,147122,685104,1061318,987135,94449,30246,133079,23009,48794,109834,11446,48332,4838185,4378,0,4723,0,3739,0
3-Methylindole_130.0657_25.323,158766,1748685,0,1000713,1945435,22268,28861,21144,73640,444427,356910,1724034,24096,1576286,982387,1283244,1486573,0,0,1023352,0,1371091,1468935,224953,2991899,1044497,1892419,793207,0,1816663,1967351,1731993,264136,1740726,1949647,1864598,1826028,2112830,1290485,2182239,1917691,1462837,822826,691565,1588432,1726059,2756385,14136,48342,1831103,981795,602003,660356,1638539,1775471,595699,721753,1538699,1273706,1475906,37096,26010,269319,76737,5972,8485,1329418,863295,224090,78953,1345666,145149,3496483,3069455,2665629,2293300,852090,3148407,1226737,2370932,704741,2161411,1942187,1787397,3191295,1232210,1054311,525497,964363,615339,3225564,3507312,1694661,5213132,3952665,1727146,1701798,262045,3833384,65717,5087108,1435232,4188694,4057699,3861969,4442330,3883941,4863846,4951833,6649891,358802,5095574,6203824,4474924,4532347,4098838,998905,3683316,6396688,5173833,4345650,2732111,4583220,3991942,3995963,1957612,4974727,3847753,4457670,4770639,4454858,4208617,21745,4627678,6454981,1948410,632509,957010,3785481,2790968,3695276,5741333,3586827,4081130,2685,3049,158368,37023,553114,31171,34250,0,320570
4-Aminobenzoic acid_136.03988_2.752,18466612,7746516,11006844,4408278,13262406,16645,15687837,15801475,13463758,16067005,15458344,15320057,1395607,1426407,7765412,7778654,1527598,1187182,3609054,703730,18069299,2982074,617464,3157700,17783154,11347166,15224385,11515038,16702033,16577365,19192138,19892068,12965125,21730954,22656644,10193697,17351500,13173835,12861928,7152360,11111241,8919798,17460095,13204084,7766184,19240127,9243509,4885349,1610403,19638972,19458815,18344897,729958,20525854,18850315,6772729,6170703,1134285,2499711,1625166,365228,726532,1482988,7391969,1596938,0,10900140,11243753,9604741,11790924,10036113,19015912,9627953,297247,12393916,280929,10995747,16717005,14733304,16666717,958889,14778670,14891990,14971623,1595895,674064,323473,9012512,13902411,3810219,15253654,3552484,19675261,3502490,3815605,19381340,18122149,7158175,15019248,10954307,18479036,18678519,4503283,6035025,7386071,12739067,1277472,732011,12669357,7540128,13107526,8659811,11973689,2247652,924431,7623868,681219,1470642,1187634,665718,1047695,750751,667819,12459684,1127355,681066,994643,469255,1040707,488293,1180917,1113233,48275,1060323,1887168,1305070,392846,931678,6901266,396165,2227781,2506066,10888649,673853,0,0,8978,0,0,0,0,0,0
5-(2-oxoethylideneamino)-6-D-ribitylaminouracil (5-OE-RU)_315.0941_2.5,626721,1905814,914954,335379,825676,12923,188652,109895,2555526,1971762,2553901,397446,537514,81527,36497,280212,818274,126444,1404604,117185,776143,279690,86195,51377,817245,638310,186735,695607,400985,655417,369991,351787,323648,345315,426887,654718,5444468,1329171,71811,151598,441296,235367,542705,72967,2200028,135310,1647024,359331,494468,168336,229431,1794842,224742,131508,787323,6068549,4520672,1400010,365586,77145,427449,339367,281111,182119,164886,8835,407500,530675,236350,182246,251514,136028,1674819,1912286,2539007,1241117,578005,2106586,3151371,215698,3085501,528711,5882994,3014503,60149,246867,269060,5031981,3589140,9353003,75583,359011,971006,156627,1789259,218829,1765452,1379824,273676,1210425,680236,951350,375907,5967347,409458,4742444,145248,4615417,1125626,804994,838274,263366,413485,850330,440180,1558552,2817416,134547,148233,1241496,1934247,226743,385299,198957,392505,703813,54022,6327722,133654,62264,8339603,10017763,72676,995986,308195,452552,287144,468940,6447087,526049,763813,267464,114175,211873,10346,0,140525,2818,0,3212,0,0,6382
5-(2-oxopropylideneamino)-6-D-ribitylaminouracil (5-OP-RU)_329.10975_2.5,45336504,46393239,47071991,43119490,40935852,0,39765193,38522123,37839103,39305435,38250398,36895652,2471993,3209395,2082797,1992393,3001988,2590249,26586964,29997648,28714864,25895575,29014878,29358909,26384604,25661706,24915218,25839826,24658860,23905676,29329937,29476753,32648092,33641529,27518072,32385098,6712030,30026742,31536347,32152528,32530853,34252947,26623802,27602546,26404190,26673374,30515564,27235480,27445500,26532827,26193393,24025157,28093129,28967297,5217080,5651499,6031533,4263134,5929281,5682505,5744508,4940275,562155,8077255,2309030,24581,28583871,29722075,30705080,29151414,29353859,31160901,29186311,32600018,32214269,60792526,26439210,32714353,20588736,18355254,21048116,22031567,22926011,22148043,63531,2015823,2865234,2765839,3909596,2519767,18828596,14525272,15894826,15008059,15088185,15974195,14653256,15583016,16681436,14570753,16848563,16107672,22290115,17841251,18585918,18200144,18153366,19745743,21697653,18527075,18437586,18742552,18887136,20498920,20631489,16587209,16742678,17941425,17130212,17461619,20020948,17962223,19216793,17936262,17806528,17425176,3024565,2449927,2727420,2467140,3590155,2318962,71585,14185056,14003808,13679863,10489056,9901221,22798898,17210257,17669591,17611327,19351522,19273422,19336,18773,33523,0,18736,18293,0,6447,0
5-6-Dimethylbenzimidazole_131.07349_1.98,7261676,2724429,8132001,7719770,7833815,8425,5801704,42371365,42067628,10003590,43617471,44376412,63780397,105786104,104863306,106136936,107185741,109060726,28803863,30451277,29687501,29000429,29692261,31253167,10080157,10987424,10040264,10161984,9305069,8974455,63571422,170269117,166268994,61016364,176190143,34941246,74503282,72110203,78378500,174593078,72357270,74609251,180901375,182777226,65025669,185601510,65800638,64228190,11357876,178665222,63927188,171365591,63602683,64638433,74037290,71825707,71443007,196407197,72920115,196778896,37165151,10656675,35155297,43338904,70372799,1490783,66376375,154764597,61858398,62189064,150370255,60010294,6681876,5851084,6019392,8338845,6740314,7549626,29938469,32825062,20865679,37782764,36523120,41133239,65816534,78762749,79135885,84738327,83312376,83451827,22586764,20103550,20914348,21980780,23025195,24181797,5938217,7530629,6156799,6031152,6293992,5689758,67692166,63701557,61791837,23611075,184286668,62865100,70898672,55987584,65514307,77039114,169648340,67488451,64428999,183364704,64256646,65741622,193039617,91301547,64147040,181871302,180169504,177144227,60753625,175363178,41414500,33625306,63763080,87811172,66586236,66525661,13819981,134018964,38082001,135375684,65353265,114752948,65924030,62152410,62671645,150551626,65082032,63817126,23625,4329,564941,410222,491415,466419,664442,291936,475854
5-amino-6-(D-ribitylamino)uracil (5-A-RU)_275.09918_1.5,61217163,62771709,62552039,59776513,64397197,316877,1611535,15936330,14300318,17973524,27889263,11246475,2871287,4011179,1613807,2392001,11654710,34863347,26031016,54290751,45431023,40532991,45842659,33598488,47028007,45603752,46219905,50084573,45892899,45183556,1250022,15084972,17357783,27427309,928983,890493,3605452,723029,35878204,31690941,35470876,36791663,32703714,16544768,27461849,598506,43575535,8652209,32814456,30990064,2816223,2180706,2781698,2310163,796531,1126477,14670570,1434690,17182467,17216722,4419072,4149480,556548,7548777,1934906,18528,11021534,34762086,1488639,1213346,31418610,760462,14846928,77204360,74745126,40072240,66598307,17125731,7778838,36754207,7745800,39009655,45160125,9956750,228037,1624516,3941189,5184001,1384622,4068465,57262688,44090431,50407861,46896454,47260003,48194055,48066190,49376096,50089928,48981092,50747433,51218289,8308300,37572680,3751939,35133816,35168283,26742735,2402983,18131071,1664217,25159737,1777833,1843916,20410831,9610662,1469424,15231555,3153036,12266460,33501710,1264653,6698549,31640690,25827215,3350979,572574,8010859,484265,8766070,2095409,641109,858051,28280078,27148840,22394635,15613276,14924820,6311323,5917108,13777782,974051,7944787,361100,0,30658,161209,103217,13554,222601,17793,149567,280904
5-hydroxyindoleacetic acid_190.05044_3.952,4805512,260041,5200672,4375506,4841347,11919,5719136,4575841,10210630,7054456,1442818,10632578,3734070,1849545,6728458,5693713,4668185,5161122,2585528,5222251,5218814,5131251,10078979,3697839,4389749,5206895,4713459,5081848,5264906,4986759,6931200,5975301,6864317,8425490,6676445,5759756,13145403,3913145,8516456,15333201,4417678,4251246,7470600,9571663,9989880,3290220,2127004,220033,5689750,7180672,7481809,8869298,5856296,1524229,627078,4841652,3731030,5079982,17355464,3635783,4856412,4895120,558808,8013218,2889680,37902,6945135,677082,7018122,6555217,5987506,6165592,1461891,4387891,3454502,2798945,4400005,2094455,5995431,9480835,4481832,11239629,7657254,8305026,1713422,1263128,8157414,1816406,1436198,1854169,4514173,6943826,6977355,6067252,4363760,6472888,5817434,4447079,4258563,5262570,6338858,4670120,1288689,1573725,4708338,3813954,3422263,4745225,5321539,9000577,4679464,1221351,1599071,15586056,1900672,2105442,2900681,3819381,763898,2981455,2564295,3770219,3251150,5168224,1288142,14873797,1357012,2574880,2498828,1533249,426641,3401813,82748,10908362,3703524,5680813,1934675,10348783,1594304,754615,5201777,4184736,775317,4715578,161092,0,2360684,6364,6115,10376,0,9789,2972
5-Methoxytryptamine_189.10281_3.818,437121,239873,389246,385951,337968,8506,712824,208866,214920,233872,406918,152664,946496,44857,703684,52594,588250,370629,374251,206495,615617,486821,548073,141533,115917,299121,214701,240038,343521,292653,81412,717995,907251,407685,103577,176923,178063,257909,301563,242225,874218,341904,163576,234581,48608,122161,122342,75786,61516,174665,502112,1014773,48715,860695,346639,264741,121156,359158,291117,68110,35304,546757,41037,70851,51752,95833,424327,80769,1486391,14835,318929,190377,238736,3882048,3911389,402605,4049672,3921217,2589278,525662,620443,2190024,259433,1403141,5355667,547279,267188,309655,1602445,179795,3448721,3544080,281868,475385,3863388,464055,294075,3945151,4076636,742315,519239,3659419,1462544,486145,777045,1192790,449196,569525,1461658,875649,411836,2192051,1534315,1466789,1657103,1353574,1065716,129373,206835,622897,4170848,162599,686846,322760,840767,46537,184938,229157,4889622,1498914,914793,758929,25658,732099,343625,2475047,2393014,2270904,1050148,893357,421348,555468,1352126,307717,4135,3776,874013,10125,24505,33053,9386,18206,33736
"6,7-Dimethy8-ribityllumazine (R6,7-diMe)_325.1148_4.13",4316600,4119757,5613278,2022981,1624763,0,2888242,3082371,2920222,2900110,4187097,1424323,5814271,4422725,3604330,3871864,4323156,3572552,5878714,3192014,5070431,6444746,6103400,5965209,4115189,5804751,4897060,3527255,5326017,5252331,548767,5223341,5457454,534089,784386,1005412,252561,377473,1007194,327961,1099122,2521576,771306,525230,762298,1269809,393648,1764054,212684,1827122,233544,1308308,867574,2033292,2989207,551239,3767595,2952217,2069925,438921,1743804,1210277,260847,879635,924807,64283,1650918,3764749,267386,907252,1835567,402031,446860,1160695,0,1536746,1678574,757276,1000662,2400741,1448167,1273638,1712203,2544173,3290937,3746792,556970,1045709,303150,478063,1467051,596636,685080,705542,467728,540038,692750,573450,316337,636402,558897,600539,2112774,699841,2282462,886032,821484,758404,401978,378010,585548,773138,965710,625771,423363,677231,471790,1991621,829593,910994,4475417,849138,680636,815266,883152,823724,1053769,22560547,894784,1079079,1022510,1041683,171702,597576,1548104,1335532,816261,795840,1132076,578060,2001419,431517,767805,830153,8646,33063,1419167,173074,39243,265717,17481,16020,411650
7-Hydroxy-6-methy8-(1-D-ribityl)lumazine (R6-me-7-OH)_327.0941_5,24416895,25809469,25593395,25201738,25871371,0,1276457,1372678,1614974,6226316,1605864,1626424,4050992,5266414,3909608,9828465,10747417,5379354,19868172,21317133,20005433,19169357,19272633,19928552,24158770,23469194,23151352,23383589,23575657,23490712,4501285,4239476,1936827,3453737,3745609,1496483,3203824,4646587,4280064,4312563,5074107,4322458,3539587,3764573,3791713,1240224,3671795,3832600,3472160,412984,3136891,2875378,982429,4008090,3558167,824180,625167,3739753,850078,753320,28861,455342,128994,957128,250847,22635,1073671,1133161,993609,943398,1015364,986674,11716941,12229337,8379380,23643041,11591220,8704816,3438553,2950357,3940917,3698365,4017277,3715328,6148219,3721664,2579310,1897890,4447977,6111056,8663091,9207264,8856807,8460213,7465285,9083482,8969125,10006890,10190090,9516922,10625507,9058134,2743545,996641,832169,1197567,3166540,1289810,4237792,3917675,2289688,3064754,3528261,3393476,1000397,3102725,2755939,2591339,1218040,3361093,3446757,2537597,992219,405489,2852727,68145,1034873,1762250,1892202,643724,2537518,2427670,55155,769706,1881545,460692,587611,665651,1329560,2862796,479828,2780377,3011799,943410,19650,12912,14700,221649,74965,0,113298,95952,77521
Acetylcholine_145.1103_23-691,53424507,25401573,16615172,20059613,54026128,8857042,26098593,1922743,17023936,63538536,31393281,54697179,52678582,1999452,27608161,20199680,56944923,59855006,17414281,27378471,24894470,61219421,50995008,33849768,46343478,48282509,48643867,48798818,48514092,52870600,68106546,58839531,62346601,69546810,69186520,63041269,55952649,75050687,72908794,62879414,63127493,79530323,66572619,62289526,71389955,61827722,65421174,71410477,52643558,67536927,67531599,26336673,70348218,62191900,67301818,69455733,70345949,62466050,72439271,74719123,6455575,6009034,543123,16262296,7440648,4789729,65234430,68176004,10348192,63822612,66126407,35949615,47675472,50594020,50949411,93196463,15293335,51638131,50663604,43362122,22320121,19509263,33413607,29935030,39046940,6267912,64872165,78675666,88741954,53530671,47618045,24076018,25125371,25594322,25182486,25849897,31686405,24836102,25272553,26901150,28955163,26191985,60552640,20541209,47235572,38881026,45752746,42915559,73151599,43851348,38489671,47511576,44801841,48328048,66804599,16065371,10876769,48931020,43913680,50738499,59773952,11173535,20181163,38756870,46581513,45248441,35606959,41969391,41506613,47956174,57667000,51901595,1257537,22363108,28645003,18389080,4909597,11906971,55454834,37867888,34332829,34765841,22743116,19237134,153103,160057,7031358,1192714,1251510,8545514,1109879,1678003,124751
Acetyltryptophan_245.0926_4-2,11201379,14074939,12580859,12246407,13246608,14490,8228902,12574253,10646251,11427820,10489805,8805148,10087281,9357001,9660842,9996618,1982243,11330446,9339594,9194484,8064092,8318724,10229081,9929455,10273664,9292258,9985105,10207246,9499119,9132249,9646582,3946770,997046,8415842,1132988,1232382,8965962,9232647,8874357,8950321,8134403,5266886,8203313,8968260,8976481,9246902,9546975,8290376,9200097,7869255,1055607,4298164,8739913,792990,6533857,5502103,7739217,7686757,6659352,6181975,454917,2591963,674859,3327535,1942096,37953,7472791,934288,621431,1163251,6989559,7287732,11422981,15977303,11562636,14603767,12068373,12414247,12147855,8994410,10584395,9127541,12628733,11016497,4231711,8750628,12243507,10452361,10452924,12552121,9856336,9576682,11090474,1821884,9466291,9938432,8922599,9494331,8949616,9690928,8529758,9218866,8009953,473870,8584788,7018209,7112729,1240347,9467601,869839,685649,8945242,8135038,1428302,8143718,8151387,9243558,8053958,9493967,10304165,8918671,8504797,7140857,1017137,6241995,7393564,7608230,4906030,4722811,6596922,7087107,7046943,367104,571607,4248073,540641,4247713,3393597,10962665,7128959,8096959,6930236,7490558,7608577,34842,144618,103503,41887,8083,3754,19320,0,43642
Adenosine monophosphate (AMP)_346.05525_12.425,18099313,28993235,25371860,26989622,25120462,2846173,9666223,15242244,17366300,10020536,18401912,16253485,3679166,3363253,3410654,2323863,5956046,895074,10144659,18243273,13725723,16026403,15742693,18790329,18839732,19511217,19542075,14274698,19151189,19092028,4648224,3707173,5024702,3410329,3392299,6105034,4637539,4483330,4158472,4431822,4101398,713954,3753214,4273343,5397968,4364453,4466303,3862249,3404938,3072838,3680900,2809797,3560311,865959,2355965,2627471,2371710,3596546,1620762,3482529,270166,242221,86867,159740,199452,23876,2365723,2955512,3225634,3147384,3141411,37155,38699029,16136505,33675968,41436271,32367447,33626967,18042924,17136492,14343433,21002304,17860096,18710994,270078,9642096,1515988,8544884,6474794,7966891,26199862,17144368,18426046,17093954,17775673,17680698,21201490,17828741,14675439,19482761,21313388,17897862,5745727,3308685,3131748,445825,3698105,3231808,5674433,4506651,3175750,3214391,230301,4366714,323200,214698,2768881,4306956,3285925,4185546,4011200,2670164,3433763,3235750,2946795,2963050,5684632,3823389,3037201,317025,4143401,4958632,13532,1343100,551542,86988,823040,578543,3529439,2822075,2615464,2527822,3790804,3784063,38049,62569,47321,8918,70046,9344,68383,12007,11485
Adenosine_266.08893_2.435,418912,695063,888006,402390,907468,0,272457,342238,2165771,1399511,837757,2084813,1043374,1062055,747251,1086592,1172219,980619,244139,413694,574532,514476,735132,717303,801927,830141,608092,699884,830803,295216,66599,1396666,874770,778110,402876,428192,885204,226414,126325,45859,56994,460273,36952,0,126981,173315,224559,53925,122139,155428,27175,109886,52074,58937,162525,369538,67313,72817,77880,160447,129175,314780,23389,80003,72846,0,84394,7341777,248462,368142,186489,620776,1029796,208153,662553,675860,2382748,819084,2625494,1198745,4608809,2158236,3688677,3087181,405181,490627,1507624,2454358,662087,3656258,914131,1698119,1259372,195815,1382804,892579,2314760,122802,625045,2396140,711251,1639829,102293,1032488,205627,2218666,693089,305956,82820,50028,777594,734583,1324433,1569097,133241,734879,782666,35538,191363,100122,453490,448113,396483,671440,414789,407287,16429,249688,46005,125899,676226,32962,15743,1303929,1520464,1132112,430360,482857,195866,1685996,602113,515642,383083,309438,33069,8298,7288,6405,1853,9166,0,17809,4351
Alfa-aminobutyric acid_102.0555_6.565,1539340,1347853,1510872,1342656,1419732,0,1344591,1354987,1401240,1440722,141034,456232,499588,576845,700008,743191,745718,766519,853067,714194,704138,726616,643819,728413,1296047,883555,1089922,1029017,967907,991987,627348,621097,606189,713689,700216,662346,376223,920368,1059874,1083428,981363,1153260,606224,736024,616748,609056,339288,582948,411040,506209,294959,306891,328847,499137,263861,1852122,394484,691900,74899,737750,506763,495970,181984,803510,383289,7637,306392,288359,290579,317837,331722,290216,1774620,1773341,1754171,1506738,1716769,1905299,777954,900833,967480,690572,561232,812001,25142932,566696,830768,453454,494480,414591,1274674,1204588,1192577,1360102,1067227,1051539,1207002,1352866,1195898,1242101,1273322,1358278,474856,882163,803905,879961,880115,914422,803060,1069836,1212612,914008,1242851,948481,452833,493819,896503,661187,847854,690706,468295,767537,726356,528442,858432,513856,246225,766790,735231,711641,297605,468316,70301,736380,767846,605192,476162,370665,311780,645390,815102,590196,591043,675438,17175,16353,0,0,10104,2072,0,0,1889
Al ltrans retinal_283-20622_1.304,109521,1821875,204795,281178,1747112,161232,141312,96747,73305,251530,83291,663950,262482,436068,464022,190571,66190,77695,180923,286678,67573,588509,70733,31336,232263,206506,119803,2240691,126473,79845,763378,505420,294905,255250,192195,193078,124518,952263,814838,171155,27362,124988,697826,765075,669529,606034,811385,1080500,198097,34135,309478,779397,235526,314065,453318,125053,670603,509732,365204,172788,359050,101844,126439,139449,103098,0,104761,656325,157031,272643,73852,46160,1902680,98655,79869,2946120,5941746,128347,32290,90957,133590,241871,163561,1809062,1183745,205453,0,2622454,124152,154362,37287,140482,74134,9606,59238,138800,61018,1947245,2536734,4273092,1651003,2169539,145642,614465,228706,389564,192420,584068,252696,232077,144219,15067,175474,366874,250225,316769,22999,310813,202636,312474,299856,241798,0,270378,281965,249241,1799,100434,331172,535962,341877,285844,8494,0,373357,328336,299033,16901,270125,289795,136937,120021,320681,154416,5024,9985,743085,15977,5576,23116,17474,0,4059
Allantoin_157.03619_2.312,3552869,3828673,1231288,771426,3905628,0,2455744,801240,1986371,190412,714777,2934312,1210104,0,369502,0,323073,0,854927,0,0,3669755,0,0,135140,0,0,3512562,1471328,2673343,443875,199512,49734,0,0,422770,832601,949904,448305,530092,616222,840687,1096314,823461,816628,697626,1072751,970927,92463,0,0,0,336719,0,351400,102733,934464,2975076,425905,1763885,334255,0,0,340929,249436,0,364356,336796,67691,147991,304402,0,4058010,808733,4164408,462866,2366041,162784,344737,752302,720383,723836,935516,1593591,507116,761234,541226,924958,349725,385313,3132011,3847337,3721183,1641411,1277841,83906,1530052,1582993,1658525,1634614,1475445,1644353,0,0,0,674295,0,279642,798833,465821,844170,943728,911226,626325,1009667,825570,761679,414987,687658,744290,0,0,0,621010,0,265652,1292397,849440,609025,594367,280483,450716,0,42626,426883,0,181031,69005,0,365459,94329,247562,297116,329430,0,0,341422,0,0,0,0,0,0
Alloisolithocholic acid-Lithocholic acid_375-2899_1.55,104848,103146,51474,62191,67127,9414,210858,175798,90616,88068,142520,151746,80847,191707,97768,96624,118540,192491,50628,108986,23974,76929,67293,108471,32388,17423,112421,74256,124672,55711,83976,202749,176415,81017,153797,91897,308308,240395,311599,225345,330905,164306,158476,231619,198961,214812,204636,22675,77539,64700,81981,242076,125055,183713,106245,29175,86529,107335,57161,65491,34396,25159,0,42885,7626,0,80845,51511,124688,13554,11193,133744,45382506,12286671,11609244,12695,34943254,12452530,81435,53949,84642,88851,92907,101148,107433,72299,139425,73739,75278,37732,625668,92694,561046,1033465,156096,123006,262882,2267297,15247890,4527248,88703,537045,104600,147371,88560,74558,82032,113333,93805,257380,67137,67061,244673,205244,172215,251744,176931,181237,215798,254510,163581,89986,141567,155782,170278,116112,62797,62958,105480,104293,24670,117150,0,67938,70346,213334,86543,104340,168894,95984,91330,95468,64327,97612,24335,52829,51924,0,0,0,0,0,0
Bilirubin_583-25565_1.42,331427,450043,310725,227741,400841,6315,617267,453237,139977,666601,552415,24274,430990,1138309,238599,352245,306129,114825,982497,817792,2435886,62234,2515618,616118,283725,492964,85736,420345,1041057,288610,36608,107220,1456154,70232,59898,87843,1371259,192064,1517821,1551577,1711476,33671,129349,73430,95670,1072435,1200072,106968,914622,30444,985849,1011201,59007,1182330,718246,192293,106786,155309,148545,1037459,29325,64292,6672,572909,215517,10844,141375,62379,1189078,336850,1156283,1102124,452986,554615,500371,1008358,309238,393112,25857,480792,378570,175802,121152,276665,449530,385109,162607,218714,47925,599861,46646,512295,631975,51689,55640,716672,288759,66298,326484,344690,241179,267772,44524,40309,64674,645078,693008,64473,44511,114414,634493,555919,39852,773321,38045,397843,15161,434401,45014,31868,47050,473992,566759,509629,274813,47080,46432,33489,63660,138518,37288,620146,28093,602792,35996,15726,16089,13391,219358,45322,486438,552375,610415,722313,29864,17159,54833,22380,16205,33031,7721,7155,15491
Biotin_243.08033_4.834,54359134,45121912,50737079,51309220,47654993,178831,66292419,48883779,59972692,54602057,50446154,59322500,4336904,24617252,30558719,1995563,6415241,15801857,1070425,8170056,5009730,560618,1434228,886243,43165262,45161742,46619087,43082888,44779080,42621080,16689552,18218082,18077376,20000163,15340164,3104177,3683236,15916810,4230088,14644037,16111759,3338699,17087685,1135555,6053404,17588763,530495,14177983,16889032,12578721,13293939,17213959,15936445,18630402,17747275,17614625,18879501,15304299,14602144,7289416,1785087,3501649,1357294,4615973,2024863,84739,13577252,15901675,15842942,4667486,14860046,7881227,53118971,51545308,56654112,59787947,50507584,52984660,61743272,56552212,49572567,64144922,67113557,61995769,1100797,44147677,10573848,10157099,10099735,4307878,2326905,12852637,8794663,12312603,11540237,4672930,43694882,47447748,43479546,37540121,46103667,45170855,29596440,22930381,23037135,17068507,14287202,21170495,25822596,21781879,12813449,19820403,26964502,22248386,26412824,20999557,4469391,5107534,25459816,24646411,26602502,22769603,23560904,22966090,20254198,20202815,18389072,24869047,24148401,25401859,33593921,34676769,490602,5834505,2107295,4960326,4336336,3185411,2886979,16076286,21033637,18062021,238855,19828443,19330,155126,99178,0,0,11243,6741,8932,3945
Chenodeoxycholic acid-Deoxycholic acid-Hyodeoxycholic acid-Ursodeoxycholic acid_391-2846_1-25,84338675,85275073,84862661,83531405,81975350,16196,24929012,24391311,21661115,19079496,8446854,15965170,9197689,12204190,12550044,9747101,12448900,32074552,47719633,53421255,22755005,4673165,51246450,25734995,63501219,61323929,61050049,62188664,60326005,59748302,17628849,15752346,17136605,18178853,15902661,18053244,16933250,17519229,16443689,17063137,16584765,17697599,15610539,14557241,15954987,14793705,12620481,15526027,14266530,15028080,13946959,12458922,16059574,16587282,11164475,11398057,10986230,12124696,10697238,11658443,1976053,1690191,416455,2986206,1054337,0,13922777,13175593,14282626,14370958,14180259,10011905,88508305,88038215,88470846,103879804,74994133,89402800,42737873,36141642,41964229,51226577,52781370,49058709,978043,31160029,44337152,19972650,40566204,41704689,57317475,7608481,23176878,18317298,43996185,27195405,48287708,51748103,50632291,48864972,51837901,53681428,374098,4978050,21254551,13300983,13496531,5425899,35010942,15666260,20790362,13778801,23512587,6228872,12300485,17556040,16636823,4984036,9090434,9860909,24670206,11975155,8079809,11843330,5330907,4959698,1663432,16512686,5195775,16968075,11411759,5568206,131339,10474622,10246114,9365400,6636937,6179391,30504407,16187099,12116434,18253665,7855974,26007064,4195,3847,30488,0,0,0,0,0,0
Cholic acid-Hyocholic acid_407-2797_3-62,3239202,4165134,4238319,4138704,4092803,0,12482,13133,91012,52100,16404,144063,207833,592046,174631,1529137,1136318,1317860,2015537,3966716,4067800,3730636,3003389,2680525,3991163,4181205,4055312,4034204,3586552,4011686,50622,26740,103410,103133,293474,19627,9610,20966,27315,13048,22215,310024,42542,31855,37870,118615,27323,36526,78048,0,19346,8608,23933,15228,8094,239557,23227,33741,13636,32134,14022,24213,3010,5539,3205,0,20598,44501,27437,366916,196525,8157,1171956,881624,112157,3594331,44741,1384793,0,29616,19971,29077,21697,15804,8653,43626,93025,0,11441,0,374611,510625,8956,414844,410282,46725,426774,56366,524562,469978,444020,565072,0,4872,651002,32763,0,70486,23008,72646,28516,362405,57460,18458,15652,23954,27887,19072,12713,35501,6129,0,40203,64808,0,9495,5626,611530,16392,11340,33537,39103,0,59003,30690,37498,38357,11612,18542,34208,518217,19608,0,20610,0,3679,179713,5036,3830,3686,3781,0,0
Cyanocobalamine_1353.55957_13.356,9139,18173,11502,6799,68514,27499,3518,16485,6652,9177,7429,20668,17196,11294,16066,9195,27355,21119,4022,97456,37733,7466,77821,56202,18516,9373,9730,12269,21516,4374,16978,5933,0,10027,17803,36292,29087,12202,7984,8492,34956,14343,24586,8965,9907,5926,16807,24787,11861,43655,31131,4023,10284,4649,7265,6188,0,24662,2753,11963,24289,1052,3714,34850,0,7164,6803,9918,9897,12597,18629,12323,166988,22941,14005,23367,13117,74922,27633,68303,14902,25396,21235,37062,10111,2882,10093,4165,6460,32025,7743,84117,74938,15016,67106,21706,19873,102316,12442,11285,139841,15799,0,4054,5368,10078,4405,9687,23672,48578,7109,0,0,5244,9328,0,10464,16650,20587,17902,9310,4577,15103,26019,17445,6232,0,16010,16799,32624,13625,0,11948,5951,34323,21884,17704,7972,14926,0,8087,9349,34380,0,0,0,21111,10374,0,14512,8265,8190,0
D-panthenol_204.12361_1.77,282656,668849,614521,370241,610135,5208,1053841,731977,557081,408346,451321,528400,734169,404857,470947,340776,474632,854422,404394,866051,352692,248753,492035,427862,625324,570151,516580,558082,346542,259739,709457,946635,1145933,1262923,672697,692413,573015,1256023,402349,1132356,1109097,1075102,388764,1054316,815388,1089925,940714,1078063,879349,1018240,982677,908143,854974,812389,921038,460311,1059389,807350,456753,1107688,390632,71577,35045,210186,55631,3462,1003864,434950,663671,599114,1035622,1095398,723327,791323,1064229,813820,754910,859511,958898,1018224,754137,607241,951246,983149,5486694,500244,340389,716308,719093,946535,334885,391525,349524,653640,513688,575554,530416,494234,560677,289428,260217,545194,838516,1164922,1194197,1358306,1302623,1196107,1073660,330290,1270205,779796,705339,1215955,746786,1083697,1114327,1102873,1146096,1165290,445287,864828,1170029,1117787,1104061,413458,1169379,1205782,689434,721378,1138094,1166262,9416,955550,409526,803372,390814,454638,1147055,705789,644642,770591,1144617,1106473,2399,0,1170497,0,0,0,3144,0,0
D-pantothenic acid_218.10287_4.717,21859044,22369984,29035596,29322590,51586759,5996,20033813,27172639,25733586,20816724,19877027,18614962,36128528,36801499,35189461,35664437,35277966,36572777,46751124,46935445,49336130,48575331,49619106,22816809,22519242,23384220,21647066,52997733,22232440,21706265,36409511,34376052,25245850,27967206,28014481,23450588,23217296,22068320,30751207,34523650,35133893,26645060,23759378,22691956,19577861,32557628,26941053,20793657,23124467,23607102,19208676,33173434,21752904,33240165,24007721,23850960,27928892,25027915,29293150,27237516,8854319,8055343,892771,15586916,4761881,0,25145473,25304923,23586740,30378312,31700887,25093295,28073092,27756443,26508178,52346111,29322690,28358377,11251043,17032711,12203165,11892597,11687983,11767652,3651900,14380608,21012000,12956692,13407057,13718023,28450527,29046089,29919730,29039664,29426619,29895213,29861466,29786585,31002825,29626063,30350760,30342760,14923698,15782307,15469536,15742294,14911289,16368081,16030325,16112249,16872692,14913680,17524223,17276323,12539610,12570270,12947480,11248072,12172189,12369327,14151938,15101497,13159013,17844066,14431272,13653445,16010659,15520700,15683757,14902641,14781195,14179264,196248,16290537,18076974,15186746,15363384,16480287,16554490,15514233,15273855,14760271,14897934,14424461,6055,6046,1113025,43080,109188,87892,22589,40872,23712
Ethy3-Indoleacetate_202.0868_1.32,11996844,12251889,11409945,10601094,13797902,0,43596950,47411910,41368746,40647545,43721446,34162393,21199439,22546179,21107359,22389804,24042312,24139496,18305747,16187856,13912788,19045116,16551743,20231389,17695771,11383752,9036833,9892964,10318555,11575951,29837845,27816212,30768020,35142837,29610233,30581397,28498477,18482364,17212993,29729754,26701286,25256280,30799865,27219462,27826029,27804000,29219106,25116967,25611902,22670272,26875949,26654554,22282590,18536388,31109191,29270986,30120353,31852658,28448588,26999395,8660278,7842214,563296,12050282,4176308,27143,26091406,26722857,27006714,27455278,19733328,19745655,12276000,27045093,4685254,17097440,6219120,10765135,30814734,28665856,29975779,31033500,28430189,27935356,78824205,15734322,14875654,2180727,2025113,1142372,9969446,12697918,7555051,16339809,9145556,10541846,8092632,1555043,6429332,8378083,993581,9292958,26128845,23483518,22332091,20224730,19884778,27417035,22777275,24105219,19303461,18201076,20302006,20804393,23223452,17005829,19968172,22584082,20913490,17118749,25121002,19871915,280359,319323,20559894,24857329,30390539,26793139,24572439,21723541,10241011,10669495,236445,19105553,16590070,16090547,12797614,12674385,9132815,18468701,20336997,18215620,21350489,21082753,18958,16076,75713,6037,0,0,29381,15808,0
FAD_828.11319_8.949,163211,90643,171405,188022,194254,28243,254801,309521,256387,310817,272873,262181,215160,209245,215324,232370,232339,173345,124389,344597,153382,177511,167068,182933,149266,146681,128991,151526,159675,357098,186301,200019,259939,192472,235835,224126,200280,279149,161079,242640,150920,259355,203160,246084,168075,182082,174390,134042,193649,219282,210954,103687,228953,232659,201067,234339,236985,183131,193536,247408,200412,191812,77084,220058,163860,3504,217173,190814,227038,197116,160455,172045,227914,225090,238600,257557,339676,194497,191492,233067,201100,159643,319958,288954,259750,208667,194596,564359,230532,255819,163215,111497,129252,143314,126176,140208,114771,136452,130027,127051,270816,40505,263533,251236,253822,234863,164026,180678,237651,152685,209640,204757,253322,165222,248405,203980,207978,176483,147668,194006,207491,209988,206549,173299,147950,203538,191574,250913,176976,246181,123265,184313,3365,140980,130276,141497,65963,100492,177460,194987,197453,192069,221319,195974,43159,38296,127579,3417,3404,5075,4992,7409,3193
Folic acid_440.1323_14.454,3565561,3006863,264851,545930,147683,551246,1660432,1271553,1361682,359531,323831,865618,2281757,294653,278358,132118,70681,3499672,2568722,2216827,1454474,1808075,752338,2680941,317606,354834,1823989,56074,45096,245591,3135540,1555417,902100,3100507,1286886,542932,676414,1367716,2105306,2776042,650395,1879578,1970145,596436,2062001,218277,763917,1892123,2106463,2048771,2202445,1672160,589344,2479595,2065574,1907557,1753793,2923027,1658363,2428422,3647,21591,14015,35720,19067,6857,2248334,2314377,2419040,1799871,2006101,988662,377265,703593,1803096,639160,748769,320207,1628285,92770,2356794,2266327,3409580,1070023,125658,170116,1080742,439743,409840,398903,129636,35430,211874,161702,619802,749265,1241490,327215,129984,581710,49112,616091,3640802,416869,749896,933914,1538340,1196004,4467384,2354141,340064,509894,2844149,2974949,765885,1720645,1860381,1407437,1927123,1334181,1003656,395287,230151,837323,1159928,365854,3843350,2206067,560802,691674,1486410,1059970,0,186300,1160145,687944,39730,60147,3966350,392122,2208093,2169762,499242,2534873,0,0,239721,0,0,0,1769,4905,0
Folinic acid_510.10504_13.992,1396760,1418257,1432659,1429433,1380153,497593,67055,878317,600511,923510,869459,873161,890083,939831,1161626,200500,88088,1208497,1275155,187293,313719,1293491,1284664,1231584,1591785,1626690,1385747,1443601,1266690,330615,1589994,1088766,1229470,147826,1432719,1589970,49750,43368,842557,1010342,926817,160136,816724,723590,954253,1251742,1021303,1420169,248681,1326837,833589,808981,1174446,799253,975642,1322551,1048493,1082870,194517,1273072,80718,78413,2560,35859,77937,2922,1021658,453617,149624,1136490,204719,1298622,884611,770004,1037298,1369754,1015757,1089864,613948,564576,660196,802188,816401,757164,48260,37409,85737,1105665,175210,999694,194481,507030,98593,94700,131735,485387,78693,445901,962718,174689,129285,297617,1766209,1032828,1005946,1454114,1461015,1436035,122487,60354,1092427,1637319,338237,1345059,1023121,1573969,167983,1553561,1135645,1012141,1332367,318170,1449228,1092171,1120255,1281493,1771767,1142692,1657000,865598,354191,157490,0,531260,810586,612130,26782,276571,1324717,1042377,1152319,1047379,330762,1525112,3595,0,183398,0,0,0,2840,0,0
Glycine_74.02423_7.5,943194,405624,1025686,873804,958441,640452,3202696,1619987,1553890,1087551,1466213,1398235,2319063,2234968,2172218,2289399,2191035,2145370,1069503,1356190,1341250,1242912,1114534,658685,1439861,1161169,750092,1032926,1507303,1494685,312522,1493928,1459390,2022485,1974638,1960735,621688,2029048,807345,2103925,2171588,2325874,1851207,1867812,1496173,1568557,1315556,1694344,2034870,2060032,2041658,2093135,617483,761888,2509315,1862923,2441003,1904277,2327323,2088282,1661308,1267653,659582,1885353,1138871,191192,1707687,1429066,1503471,1723572,1479546,1743939,372354,86133,646894,1069240,291122,363510,293524,198104,505112,415952,453872,179968,3230398,519704,411399,470191,333577,301735,418095,362922,258642,281767,435869,219581,195343,212645,371618,341666,318045,311958,742358,501581,772461,550953,447815,699532,1075575,921800,555309,686708,525456,625323,778458,682636,778254,769832,738198,657495,634562,535320,616849,708646,442840,510489,824103,536214,618487,643447,808207,144808,289508,537985,597430,603129,664933,860770,753332,697525,472951,603923,728429,515903,8877,5740,93806,275085,227401,244242,370043,328228,307128
Glycochenodeoxycholic acid-Glycodeoxycholic acid-Glycoursodeoxycholic acid_448.3063_3-26,2276165,3645596,10335401,10757578,8862805,0,2943165,4502131,4470455,4405120,4682420,4141748,3569008,3787186,3773726,3217888,4148047,4471051,5684547,6752972,5508718,5248619,5737428,6163275,1831550,5614577,5556574,5330818,5373603,3660248,1469987,1957272,2252699,2027860,1872680,2036985,4218460,4500025,4661337,717718,1823765,595891,1498162,1463413,672579,1471799,1320398,1479437,1575763,867730,1247479,3816115,3898729,1576070,2529013,2264198,780598,2624956,2400003,2516192,930164,709177,167649,160480,489015,0,928572,1649173,836676,1786423,223235,1838219,5917499,8535248,5119866,20478002,11434651,12737917,1075217,1000902,1193305,1199408,1502070,1045395,46137,1856342,624004,1959543,2030850,2523434,1967612,703258,2411443,2333822,3409930,1343769,2567767,2499060,1414381,4144856,2908834,4362994,2114252,2001701,1942108,328107,806234,1747907,369666,2047922,1889277,1761779,2083894,2127915,2393574,1753812,1540932,2343941,1976595,2282536,1860519,1467308,1264815,1754476,2110940,1417160,1773864,1480814,948912,1421942,1867209,655401,7233,374736,390572,1381869,1022603,249775,2159992,255701,1603500,1566237,507508,2109828,0,0,3180,0,0,0,0,0,0
Glycocholic acid_464.30121_4.97,7690424,7917879,8039537,9613819,7685115,0,3669761,3430551,3359026,3561536,2682840,3242957,3682458,3992902,4330646,3512352,4449076,4855497,5659908,7090258,4540419,5854002,5659829,6264708,5407691,6750672,6838661,5126007,4968215,4557081,2151408,2465487,2515490,1047240,2212819,2438292,621239,1453602,2177904,1851535,2388316,3092023,2013932,2161854,1484404,1007834,2402055,1940491,2387602,1971370,2010364,1648972,1711585,1807731,2350029,2209101,1971655,2585819,2115992,815081,311647,402652,49048,25995,59099,3144,1992388,1884871,2065793,2052045,2063701,2188975,8066528,9042644,9682408,9538406,6377759,10891126,2356553,2539435,2915948,4393144,2711383,2306475,64217,5014758,5932989,6289925,6401158,4918782,4751397,2401007,4108319,4207797,3782186,2889617,3459279,3188656,3201710,4443218,3559101,4125655,1437612,1938431,2058016,552160,1612224,1415494,1619364,1898625,2314420,2277780,1830356,1997090,2338387,1658132,1937869,2559895,1939355,1701877,2228473,2126871,1478276,963007,1803823,2000878,1390823,1671319,1713714,2206148,1181945,1193551,3560,1115119,1548536,1095894,919654,1102578,2646212,2074826,2094993,2047504,2057422,1020704,0,0,3183,0,0,0,3385,0,0
Homocysteine_134.02757_5.57,6845790,7023990,6066996,6737339,6574651,117913,3036787,3301672,3201854,3316426,3244760,3108372,4095655,3404309,4514697,4299529,3289459,4366687,4498550,4617437,4412472,4236824,4385912,3672577,4808216,4943406,4737709,4859804,3759307,4799983,5733507,3349340,4021970,5024270,4819625,3815404,1479588,3400941,2297960,4831191,3677746,3714227,3130049,2762248,3345418,3527419,3799993,3302989,5269858,3043601,3306079,5021128,3274413,3409934,3367619,2947780,3091091,2593717,2376564,3436191,3435391,3317613,45120472,4081242,45945709,0,3669852,3823554,3938561,2404368,3485762,3782030,6273281,6332532,6346598,10250068,4950612,6513386,3444460,3049830,3090365,3742858,3834499,3769112,78378,4215530,3777545,4801986,5061453,4860264,3907326,2550675,3276068,3473732,2729236,3225891,2663166,2905020,3401234,2788300,3490780,3603577,4383159,2542296,2801774,2715095,2575412,1891430,3602873,3330806,2419199,1974828,2746748,3200653,3392069,2281006,2817297,3027434,2600690,2717215,3201502,3332191,2877998,2602714,2641298,2454715,2826867,2259811,2296730,1425536,2784459,2769819,860966,2316450,1758240,2091530,42369832,43031855,3572115,2340840,2716112,2726111,3030878,3167781,1052518,462506,11007,0,162623,5808,90493,12174,286389
Hydroquinone_109.02895_25-222,0,91364,0,23888,4615,13185,0,0,0,0,0,14687,16057,17635,9630,0,15315,0,0,38503,15495,0,53321,19552,0,0,20590,8968,15537,29482,5916,0,23829,0,2338,9688,42582,0,0,5618,13059,0,4704,0,0,4497,2238,14249,0,54791,10770,33475,28252,46532,14419,0,69237,5083,4300,27557,4440,14009,44317,4798,2759,19325,29069,0,24654,6832,0,65732,23453,85259,0,0,13991,8234,0,16952,0,19172,0,40537,10303,0,189728,30822,0,92825,30423,19894,8077,303310,115444,88326,0,25596,22359,44617,2674,4681,36836,25152,3447,7119,10241,0,148848,21325,3202,172604,0,0,20097,0,0,32418,14526,20427,0,14015,0,25856,4135,0,2884,22682,31713,11790,20987,0,4112,5190,41824,59956,15879,35714,0,7257,7344,6215,20126,2490,12952,3127,19327,13624,0,8083,18273,31613,7103
Hypoxanthine_135.03071_2.553,30381049,29800725,29461921,30165320,30058787,87443,6370155,10192337,10357223,10532401,9382056,4164469,45049125,47951318,46801303,49036966,49417918,51663012,42253527,41800909,42534013,41105168,42236564,44636429,31137945,32514980,31254256,31944778,28556619,30115033,40451795,43529476,43183782,45938572,41343464,39430925,39276262,38927715,38459380,36925617,40995802,38255606,34532232,29313873,31723313,30646830,32470231,30172564,32000283,33385361,31982481,33398588,37494104,33808800,51298484,50714396,51525504,51329493,51690264,51816509,26766567,24908605,11696334,28365468,21396590,397976,35530321,36360986,34283484,36932351,34122737,34076533,21153256,23502892,15535820,29991283,21502516,23494995,9273302,14317082,8409286,8879310,7423279,9646104,58502674,27921965,33678310,30145629,36005240,32273901,20741675,18296071,25925573,21716107,22149013,24950550,20409089,20725917,21743980,19464739,20244858,21029723,30336114,28649008,29827232,30487002,32855494,27990045,29462445,28294358,28315415,29907047,31511500,32767633,24632752,25832137,28223912,26272584,27326976,27662389,26092232,24857998,25165069,24370541,24270845,24664952,38652677,37146982,38084757,37335748,40171528,36884659,2096645,26720208,26209519,24891646,24792427,23581261,28457829,26019298,26582598,25596288,26926156,26429509,239533,11424,1343131,338218,17046,104059,366069,128351,186338
Indole-3-acetic acid_202.08683_23.059,2060297,2352674,2339631,2195577,2177590,131166,8133456,8441864,8115462,8482552,6003081,3361995,2680562,3647728,3661308,3371117,3663973,4361627,1367595,1606638,1562457,1499004,1417066,1263260,1798604,2232039,2136328,2537282,2381341,2172494,249412,298337,0,54679,73353,135164,444105,460119,445336,349100,294214,354486,178410,188841,206045,255940,219460,223602,54392,195220,73295,52902,63973,140419,227292,248236,262873,297801,334796,329765,21934,240956,16438,46349,6512,0,235623,40777,38264,273434,76797,51960,1207465,1219890,1248900,4818579,1088741,1327463,2069631,1203923,1289281,1768173,1889723,1666246,1142216,3437282,2931546,3815094,3863126,4144275,1040116,573124,650670,570935,568904,652431,846674,769046,714443,683719,746541,757279,111604,31156,39660,463751,284056,70425,364562,65863,67999,31697,0,127288,25518,15592,297026,218347,252443,188893,388197,207050,23171,220264,272385,19466,158421,15298,231421,11522,88295,45366,0,22579,330623,100039,43394,5542,9300,362102,362487,292266,11918,8565,42957,68407,216059,81545,13948,0,188937,33633,18105
Indole-3-carboxaldehyde_144.04496_1.422,20355761,20457908,20984190,18918767,21383532,110128,14536904,13950213,14377820,14365843,12908967,12959011,15091251,15647279,14030460,13317971,13894918,14861536,25006590,21827999,20043741,18687511,18858870,17609512,17838567,18153293,18422832,17596673,18158991,19833310,13308907,15034939,13791856,14331571,14731320,15084236,17598995,15332299,16583314,16266466,16414520,15951227,29855196,25212089,20716561,19583820,21032961,20503152,14442553,13580175,13780308,12608861,13853572,14238794,14173396,13728852,13103625,14734146,13276803,14147312,7192591,6648315,1422422,8750552,4040550,158979,14926590,15150124,13328118,13147388,13266023,12858510,18440623,20039469,20223494,19868117,19847689,20809636,13974237,12879265,13464825,14396030,15547179,15913642,2618560,14381858,14397219,14882515,15467479,15259362,20816422,22614578,22206045,19766270,19566014,17837382,16561604,17424797,16909110,16076837,16297278,19069401,13689832,13281673,14565579,12756980,14792353,12576264,16503971,19747392,14308500,16711166,17935950,17638152,19772364,23505760,20106706,18445970,17481908,19842272,16235735,13512099,14067593,13911650,13781314,12856021,14476596,12691142,13262945,13374389,15734820,13626619,511293,11702566,11576946,10889348,10611494,9708666,14468343,12653502,12212920,12311415,12694046,14213537,34032,73099,368984,0,0,113355,85379,94651,93310
Indole-3-carboxylic acid_160.03988_1.706,1095452,1073739,1933584,1168007,1296429,13219,1283004,1260718,553842,45487,1062654,1063818,1043255,3333194,1289286,922882,2039075,929649,3157204,1269206,5142183,1386604,1657719,1288988,4116462,1574534,1649610,2277521,1499360,1504146,1537301,1443102,1507941,700201,827872,766517,2109948,340946,2791008,1094410,3513459,2791022,5227744,2520677,1729863,1040299,1130347,3180688,1190534,1211299,392473,1056189,1022418,1346263,603219,1009375,1090979,1554754,1096137,1380288,501191,605291,166959,724237,316051,33448,905724,887547,1429333,63681,1239127,1266022,2156247,1298968,2190582,687910,1130252,2245205,1303053,1252539,926461,6208516,1544006,1853402,19300882,2013082,1449139,4080181,1187665,1413177,4117481,3921951,1174525,1508175,407648,1632630,1341362,2569349,1671576,1515971,1899772,1422655,813760,1060920,1629420,295438,2723495,725369,1814093,1525040,2340095,1081954,1396476,2393917,1778789,2201462,568756,939118,1502984,2033293,1732805,1098444,880952,1170791,1132781,3241351,1433954,1150194,1401597,1429665,1478297,1235964,17647,1183730,927285,1202163,528272,1102760,1017773,1863601,1755789,6637541,28865,40171,44269,34444,9431,0,14704,13113,3630,5973,13242
Indole-3-lactic acid_204.06606_3-254,4938366,6387847,7101725,6054162,6042709,6277,2751003,2995214,4508058,4283428,4590162,4508610,4695888,4823568,4632821,4790407,5247326,5621588,5548183,6228060,5988832,5890417,5487003,6721245,6018287,6225154,5255085,4828160,6056316,5199961,5021578,4461477,4911139,4836963,4607030,4711097,3505115,5330598,5437915,221264,5399367,5662226,4002803,3836959,3976991,1857823,4757246,4249071,4569403,4773529,4280866,3863621,3267560,4676142,4784193,5227507,4914214,4883179,4792908,4834888,2159398,2141380,453319,2886155,1269222,8381,4942751,4930224,5239546,5215010,5304042,5228066,5363832,5799232,4654333,5827384,6243839,6025537,3048917,3484691,3828090,3141583,3052571,3365424,133542,4960950,4107895,2129610,124994,4616390,4439898,3778905,4196190,4730489,4212773,4752744,4522654,4650164,4821524,4462172,4330471,4138647,3693381,3665424,3690945,3750347,3417176,3583860,2681570,3685898,3723573,3995937,3408939,3912674,1959431,2567359,2984178,2277128,3142428,2483667,2850478,3207914,3147983,3191083,3354845,3400171,2882349,3298062,2691216,3496911,1264597,2552589,134930,2356646,3676139,3319198,3147114,2895707,3527901,3559856,3726502,3567657,3683285,4291799,136277,4564,75818,0,0,25465,12831,6526,11669
Indole-3-propionic acid_188.07115_2.707,5571730,5611505,6159408,3060067,4158992,28251,1129204,1939954,33703343,3446356,987306,1463092,1285978,5364669,1624385,5831130,1970975,1845992,4161218,1818028,5578140,3671722,1924033,2509429,4585784,4657701,5029333,3982383,3958185,3453278,4369005,1548123,6070917,9589460,1002455,5687969,14721713,12836575,1185701,13429920,2727747,1230788,5782836,4903056,6287453,6107289,5980861,1224876,1059445,7162457,7851868,28554170,7693524,3193752,21145724,47737077,46220328,22553547,21084632,20690621,23412817,24333763,8897130,2770216,18803102,453271,7295225,7053601,7225261,7759125,8311893,6494435,1764196,1713937,29402168,4040897,4221946,2556632,2447227,1162255,896235,2049156,1560233,2186506,50674557,5269689,5690140,3909375,4922902,3542074,3395599,23844692,1408279,822627,23070307,575007,4809575,24400038,3935676,4576792,2448802,4020043,2923575,7036221,5933400,5877762,3392273,7834577,3431740,9861389,2938640,5796676,2073462,2939677,2511280,1529734,7781693,1430854,1520507,3875015,788408,2052632,3440511,6085859,7896976,810371,4522995,2246109,3362353,2703379,5494343,5485847,3857450,2983160,978287,4221545,3018877,3249133,5398746,2626242,7327417,8018012,3761491,5902758,140997,71188,295883,115770,134475,131188,204273,71066,126703
Indoxylsulfate_212.00178_1.357,1568707,1692200,2082090,1725819,2014105,13828,6124415,4165004,6005591,6694344,6900633,6828249,6014350,6846330,6527470,5862633,6868265,5758815,3370393,3321991,2884715,3839511,3042445,3447122,2175979,1642881,1665149,2069590,2038149,2108206,7737605,6786445,6958439,7128971,7316077,7283003,7642886,7605620,2179935,7896970,6986822,7842807,3890229,716680,7200724,7265376,6717360,7266919,6182944,5983200,6586041,6748280,7820572,7567365,6098252,6721013,6183757,6763751,6449316,6682606,1684407,1537720,168334,2002867,798760,101430,5865551,4910707,4779964,4986974,5350717,1868651,1475498,1734591,1976952,1883674,1277154,1818808,6122725,1020234,6104838,6818530,7049388,6184122,0,5927543,4094466,7356538,6582011,6748440,2923819,1298822,2717950,2345140,550467,1831932,2051094,1999565,2195139,1440995,1990856,1611479,11265643,782261,8863743,542574,350527,8088729,11603198,908242,1225461,8319099,8702744,9419358,11681864,9334568,9649358,1439654,10909906,10527647,9214322,701154,8621015,7952428,7765657,7591864,9238101,2084863,7774822,1832613,9636325,9791775,0,2946129,1172382,4655396,3563902,3270697,3327756,5745350,5869734,2081458,7353893,7682729,0,11397,6520027,207884,166870,57182,365561,235278,316662
Inosine_267.07294_2.887,17606481,15540685,17988028,16731028,16354508,80905,29126683,21372401,24267961,25447019,25486809,24778955,191286,265297,1311561,729892,123202,156896,10023243,10001749,10514072,10230957,10440751,10120054,13982581,12590084,13368165,13143969,11498246,13375114,308807,431079,227038,143384,2293030,15895088,954723,6488469,755858,1096966,712136,1064668,512727,144827,261377,174641,58860,259221,87966,124644,957765,13120795,276183,1392783,1111071,2848151,1313602,362907,122683,3636206,114981,2519496,804771,134421,272025,0,309281,253528,293784,196792,303318,370217,6657279,19080636,19933094,22735247,16400202,19139704,29085833,26417959,27571644,29985869,30934231,29115921,870638,6760194,673665,2578901,4268606,608018,9595108,12340549,13814768,12450850,12248424,863850,13596403,8730074,11147781,13268071,14604014,14818946,1030009,773169,296062,109362,2103832,707384,4533261,96788,125548,576119,263443,90959,2090378,4297095,146851,1342879,641866,635318,575571,113649,508849,242165,813185,155838,17290069,140671,129564,213064,733370,3845142,0,4808659,10896040,507656,396316,122092,92152,585201,269488,1018627,175415,1001524,14010,120636,189248,12573,18467,0,15792,2798,8930
Kynurenic acid_188.03476_2-225,941626,4099318,3760367,3605484,1330976,4734,1142555,966107,1134167,1039866,1168197,5392826,387767,836697,5573290,768699,765669,377987,426140,1632490,771207,4479256,1918559,1490817,360473,1444386,343210,3317679,3037004,3004182,395980,542160,4144572,524074,453866,3790066,5384352,4706906,567067,4973953,4539628,4791734,4569489,4899792,541127,3744688,273739,3417882,724384,3286548,3008310,2729974,3471885,4017495,3919321,4377374,4142816,3868670,3880298,492412,21583638,21491725,8759733,1480972,17126747,377559,612664,325146,3979304,3580300,651579,3679024,5171787,6035734,5425119,4986118,5356141,295845,7539634,777883,7539241,1505433,1298498,8009194,1403257,485910,691891,1432226,7600298,7896035,5068341,4182277,4749882,5014425,1496468,4821538,1061229,4559814,4288357,3926987,3844804,3737283,768556,328018,421292,369080,531477,1004569,359172,499008,1210568,769602,5374725,778590,389662,311415,417903,628186,323810,430325,645809,4693048,5027868,741833,4297236,4539111,1234670,323544,521994,4125514,482282,537039,3797877,345211,742250,412392,386777,554918,907693,3774109,3903082,3667246,552120,981469,132861,70986,388138,93579,104649,94110,177234,66614,110606
Kynurenine_207.07699_4.403,943758,2108853,632189,165866,1364449,33738,1770000,2904010,3470903,2003808,2161588,1820191,273871,276879,409998,1189161,526576,540619,1437904,451017,803465,204547,347258,593614,946742,304658,112629,805469,791462,139773,2036929,2061773,2303750,2328933,2025285,2144435,2755957,3431681,1513659,1914071,2867175,2069825,2839108,2084367,2247025,1919770,2085569,2444095,1990578,1987605,1770765,1946860,2194538,2315904,3609944,2609636,2944428,2624929,2263837,2720162,984001,297496,212533,1252697,101820,56445,2384562,2194868,1975038,1983469,2580172,2748007,1235044,1206447,1579905,436415,2482420,337800,2488808,1620136,1552916,3107761,1996877,985931,283189,285974,109853,452775,447900,1346295,702816,363881,163504,322592,141363,232333,301920,824457,245297,1020360,671618,1235195,1117758,2255951,1911408,1813175,1380095,1664538,2446184,1109783,2221567,2526823,1583054,2706510,999388,1166564,1320377,1318502,1091857,1546383,1253506,1567891,1332074,1906867,1212718,1490702,142800,2339750,2484525,2695388,1848188,1911222,136225,1482415,1348099,1736683,1979852,1457691,2222734,1748870,2059206,1120683,1002934,1493736,24083,14566,57527,12147,21762,7556,26335,5873,10245
5-Hydroxytryptophan_219.0769_5.55,14904853,14450588,14876508,14877697,12271745,0,309603,256034,409952,278324,260298,2654223,7850251,9379043,9110770,7559451,8173714,9052957,14656809,13959320,14280294,13440589,14041303,12657604,13055673,11728347,13227736,13475898,13150328,11922302,1160353,1066852,3759067,2211077,976971,2165903,1716804,3077519,4153762,5732457,1842640,1525678,4284955,3732617,3626372,2632297,3023407,3793707,2338671,3631227,657962,2509131,1204793,2211381,3999080,533107,4304507,3733855,2546752,4112709,442814,663773,362518,2456958,1484775,0,3376829,3119225,1472380,1230572,1221808,3384826,9726274,9099687,9534527,17307904,8806294,9929554,1283428,1958801,2011182,2116136,2178503,1056685,265714,5872467,3689252,5016486,4507289,4105877,11142119,7759235,8705660,7332748,7154101,7794738,7585050,7350437,8730099,8086470,8455642,7920351,1725918,3088213,2542018,3060326,2673693,2993058,3717786,457478,2552877,2343099,1035285,3067605,2103277,2633336,2461897,1506209,2924180,2045050,2870037,2335415,2451516,2141015,1950547,1643506,3046412,554893,1723129,2107924,2461684,2137739,0,1023826,315993,2057211,1545196,175611,3224974,2185424,2212905,2118949,1318176,3312924,133431,26410,132906,24243,26111,63304,3800,4342,37604
Alanine_88.03988_11-291,5446253,5945342,5443474,4957885,5162717,3058278,4323050,5056558,3924021,4061125,3283214,3275841,3244260,3863878,3967648,3495190,3746503,3678817,4700129,5197299,4875468,4665094,4524808,4998053,4928767,4950872,4496835,4648819,4475620,4741087,8056513,8993854,8662030,8746078,8520905,8796924,8685035,9873859,9370630,9638636,9521634,10174901,8169879,8854065,8217017,8329942,8335011,7879741,7497016,7281942,7814302,6892299,6571684,7741906,7497748,7263567,6273697,7592731,7668670,7434437,4187982,3747095,5025997,4106009,4238883,3301534,6722891,6994698,6616418,6207234,6270087,6181302,6156927,6109472,7861447,7746599,5509663,6821400,4063690,2706876,3378484,3687058,4151853,3447141,6640323,706493,5144762,5710088,5679579,5595283,4672663,3892141,3975017,3500636,4438606,3701063,3793889,4029062,4525039,4571962,4241623,4068018,7605565,7048230,7352864,7070395,5963711,6896338,9533107,7302455,7846292,8208849,8269229,8937009,8440563,7011874,7359738,8158534,6596595,6662209,6324819,6718643,6983665,6942860,6518476,6388122,7812165,5595306,6533938,5935817,8238545,7867802,1361360,4377474,4436582,3876432,3484144,3678535,6996531,5329823,5255617,5175995,6400840,6983204,150710,53871,501789,2961726,3352924,2873614,3683749,2176317,3397708
Aspartic acid_132.02971_11.341,33819405,35530875,36345131,33545822,30328322,20508895,30978021,31381654,28994331,15759787,26882966,25856825,21699325,26184446,28329631,24223757,27202099,30374935,31287105,32723596,31607865,31403096,33005239,31282763,31467182,30670245,31675751,30810743,31055995,28586692,33307175,37864841,36541762,38115951,37538682,38265945,35404229,38987292,39653008,38840664,38474606,40532747,37754616,37814183,36369539,37723234,36500010,36391982,35553055,34876497,35672590,34401056,35040256,35484881,35212779,30570333,31736874,35350356,35517135,35458872,28336122,27568142,30251185,27411513,27367754,21736272,32931428,33383162,32285163,20465945,29792147,19252116,41605652,34584350,34954871,4569913,35587233,34097236,20376340,10526811,27894811,29110539,31778079,21708850,38754814,14176728,35578248,39104485,38598297,30129830,34908628,27882769,28249373,28082607,28417530,24462435,23758959,30617393,24942290,29214885,29168265,25092882,38841401,3286926,34946499,32480301,2756217,35242608,41455929,33896007,35687805,36735915,37670420,36932502,38324581,34375011,30720326,36672398,34065535,33265650,34279951,29500558,32986583,33726150,31411404,31947302,37678648,12634367,29148560,32859148,37826422,30536916,9493467,25238388,25183497,25930374,22543461,23176456,32371252,14842120,30217821,26962335,12046464,33455395,878275,583463,4055963,21032453,22722893,19276286,24116184,14885488,22288676
Glutamic acid_146.04536_11.458,63739147,40693058,40908451,38620279,37794954,32916003,31042861,32943753,25324728,64070101,60515094,19634801,37146671,36886686,63967836,62024332,65523999,64926844,5480957,6026540,5424115,65992530,70846254,5789584,6939961,6468613,7028229,6656078,6225970,6724735,7072415,41939250,7461026,43297948,43022525,41772878,64656800,33283433,4207941,42196632,42796326,41931609,41625523,69490117,3984268,42030081,70277247,37017942,5320062,39178284,41030842,3717414,67421058,40932142,3918725,67383979,40400250,42755896,42493110,40743343,8287967,8037365,46031157,4189286,8252548,39347956,35069789,63825253,62430688,62324910,62034987,62466087,42431831,41299375,47469945,84369300,45549919,67814083,59457794,56430352,14137432,60324601,53189335,34087900,27277176,20492774,21059561,13666628,69430760,72231361,6571680,6115902,5093349,4702118,4870384,43672745,5819044,63111257,5989163,42789746,62076178,6773010,44144605,6950470,26826783,25327309,4335884,37913172,3848871,5424530,5951436,26286097,4610168,37862456,48882463,3526339,3475898,3865422,70310866,4072787,41810234,4091723,3773009,3665369,3752295,55411368,66895686,1255632,4919894,29710985,33415669,66986389,17720035,49001398,2508388,2438974,2294682,32391987,3508599,1623476,2944830,45193555,3389464,4302023,1840201,682829,470576,33039132,33719098,30523587,35429623,24418919,34365187
Glutathion oxi_611.14413_21.349,489071,418206,787421,640502,346001,112559,320019,353914,434365,529124,509096,494524,354447,379022,326566,602306,321032,416048,294555,0,379637,383465,0,0,347964,230308,286225,384263,551024,230424,243346,856848,844620,870275,754017,1000627,786765,910625,720373,898175,525751,704290,356866,383249,537116,882362,604668,748576,404237,346898,814916,407441,836937,941961,495551,488141,589222,493136,811922,679079,56919,39221,67810,53111,87057,64927,370255,549602,335304,369544,392620,411417,209703,0,189003,1246572,192682,0,365428,513919,366219,268209,313644,290140,63494,190809,259455,204285,237148,358148,881021,129230,0,0,0,34385,208280,193263,576198,140390,957799,143330,252432,395192,510453,236707,185090,233908,248606,262230,645135,188253,1171003,296286,225741,1164462,456738,294174,219424,174027,305240,242858,555383,611561,399299,161345,202466,869065,174502,181112,742109,179765,14066,233060,168617,448581,109088,76742,429131,162145,352243,220196,285445,396822,9385,0,0,33502,94418,125176,74229,4498,84768
Glutathion red_306.07598_10.842,2954381,3468327,3029279,3173813,3240709,888013,949721,816082,1169980,1272525,1549401,930215,1508072,1542371,1393139,1339536,1387949,1572992,1625495,1830917,1643878,1843102,1768416,1130089,1957281,1995803,2077615,2210142,2137102,2020182,913458,746830,558422,817243,683174,1013774,668738,1136531,1137118,888351,737842,1166682,718603,1087991,679463,1074659,975131,777885,547420,725583,784955,705344,764376,577735,463576,557784,620025,594993,468491,654071,64668,43955,39242,1035387,320936,33444,638456,669497,651984,673410,713786,407054,2736137,3996078,4061990,3594796,3722389,3018885,1878905,1095166,1331040,1602640,1407641,1298015,1149268,1063893,1416738,1656720,1611394,1600229,2175915,2312376,1532726,1750349,1835887,1195921,2268201,2023024,1798161,1518799,1861344,2132666,1232743,947163,1396951,445498,562897,678012,1584018,796814,861510,944322,859104,752178,1264649,570435,568209,852525,819486,927317,631106,531457,904100,356488,488855,640195,851402,764172,463468,495179,1019546,882701,4164,782100,354366,215584,198449,643721,726906,911579,440688,386183,635948,1071627,11971,9535,43384,16526,5106,147986,4112,17050,8459
Histidine_154.06168_11.508,37994920,43795775,43712137,42532999,37584144,18646776,30675110,33048876,30707859,34129946,34167196,28465723,35365004,37235820,35602491,38123813,31554148,38475528,39590591,44428422,40389083,38277858,39487220,42404472,37688634,50112522,45894481,48160000,48176885,36799612,451077,512490,422034,441598,535493,355300,831762,296354,546132,906333,687043,3257234,485494,601875,334710,489891,267100,379309,276906,428327,523961,342331,732109,454812,488512,511081,609535,6991788,7770718,384883,682179,259363,302052,514436,157468,108612,533816,504370,416536,713050,518437,681008,76044311,15947080,87877319,52825734,45010533,90678925,9184602,43344792,60441388,14369828,63720097,60490959,68000957,46117517,41944245,51946682,46744514,51114972,51241672,37912906,35926022,37394591,36227199,36514360,38504598,42957295,41486468,43354815,12380538,44291895,1065937,1310916,955304,877666,801855,884271,1538274,1459257,1416275,1222107,1306457,1418255,888282,1129083,911718,912782,930013,901949,788417,888059,740824,706933,900028,882152,1312324,910837,774327,976221,1201461,1200703,10515,1170424,1128206,1156896,1252888,791519,1039695,1105044,865780,667717,1036261,930686,9092,5670,286513,31112,9413,113228,35654,10249,106786
Isoleucine-leucine_130.08683_5,74446503,63496312,61465947,40092356,69525485,548033,6937913,73496583,6700630,7279877,7650309,81630746,79174070,52553854,81022911,70818419,33658581,40148141,89760619,82981206,38347079,62088721,32489473,94864413,66839871,88015206,85822445,84655642,41594463,86083088,81412337,51144089,38927347,25140071,51600341,90307987,53907227,92815118,52295519,100005766,56435608,95309605,37462782,60707261,30960417,44157209,19948348,44701640,87405686,33706047,58606295,37833648,59739484,27531065,86194660,37037279,81101014,62041670,88662161,36748499,88628251,87845540,26677590,80095240,43203483,1239273,91657656,78832605,88035568,92691708,98649028,66214480,80945404,84372466,26376239,63911474,75280492,32511679,25101903,7009485,66091950,8440530,33474968,26999456,4371543,65263707,59337712,5197086,63250334,279650934,149241006,68447683,80855976,288106394,83583517,144951038,72372718,91490535,79565410,83412301,78670622,68013791,14547068,115627381,66073632,64755131,225750557,33806341,76343424,60619491,56723751,42922695,61167105,71071711,20621371,85709779,44355629,196918356,109331852,22472705,83798195,79889468,114906918,88441304,67660135,82184828,61234079,78516136,4525861,22004242,42444174,55991165,5349123,94882513,77698351,91932218,115644449,121501965,218836581,88469454,69331084,27564285,102841931,3677843,0,1308,785455,687221,215367,393839,179858,8277,549962
Lysine_145.09773_23.924,52494466,25401573,16611747,21740501,53790421,8291318,70998105,1922743,17023936,60960158,30790180,55020967,50421469,5070257,27634913,20201206,63403929,32929611,17938967,9442470,24892915,61475336,9037723,33868930,46234447,48161556,48016017,49197500,48351530,47466836,63547443,55108491,57660669,69344561,65176667,57693103,51828931,30542036,67727553,57025575,57545000,33257978,63483452,58659718,67547748,68605802,60143747,67499933,50725770,64707307,64659907,26092385,66546383,57560929,64190883,66172957,65889603,56729716,68472134,69934991,5794431,6258884,3555581,7073680,7478493,4451464,42075861,32412530,53201669,61482439,35026983,30670150,47676578,50595109,50580931,83707869,15291515,51630200,50657633,43368237,22313232,19509263,58480839,29935030,38813435,6075602,6797082,70273139,78983485,78757239,47625682,22754777,25064642,25600971,25778224,25838749,31547831,23613093,25317771,22273458,28778922,25177552,55868978,20552892,47193787,40387409,45736736,49059124,65884309,42823352,38487752,47132269,43239656,46281802,62551000,16065480,10876819,54180648,43920474,50740126,53011017,11172457,49308101,38730229,45812984,47235570,64833808,41900582,41506254,47910664,53615053,49397959,1124491,22454923,28346897,18725063,8102429,11890764,52720921,38069753,34352753,34768900,22703696,19236262,179872,0,7036551,1485551,1219035,1422069,1851128,1780607,968661
Methionine_148.04325_5.34,9408307,9929454,10348920,9097192,9453465,12570,6092208,6223974,5795998,6108876,5718495,6308812,8048209,9697492,9285175,366547,10391921,10626407,8094441,8907952,8957300,8888655,9298182,8875410,9765827,10015416,10698410,10444967,10192031,9494242,9553396,10057543,10723687,3320165,9812670,9842484,5690806,7297960,7454983,8446137,7836165,7974895,5230861,5983414,6271266,6473455,7439004,7142968,8248908,8333616,8280627,8337623,8454466,9043384,8763609,8562955,9032078,9185940,9080341,9373436,5027996,5365629,1678361,6642468,4284826,85064,7458142,7881505,8444376,8579985,8686644,8673806,29958442,31462782,28949099,8480973,33682082,27211810,3743681,3396955,3606893,2596978,2708557,3064107,4115425,4472658,6326893,3798708,3616686,3680462,24552517,28883709,31073423,32332270,32104819,32758015,33932941,34838669,35301658,34594758,34619550,33034740,14500663,14772445,20854420,19811536,14963823,15149555,12561165,4167062,19296320,4035666,4280409,4350212,7698126,8374166,8495695,9673236,10054667,3731989,11051182,16801282,12961805,12675025,17887545,3565288,13720363,17326671,17981588,18038005,19462871,19027935,275490,15125429,15177585,14277080,3170172,12912814,12446260,17147835,13909203,14509058,14355052,14895962,6680,3744,8933,0,0,14876,0,14911,0
Phenylalanine_164.07118_4.53,75393960,14660687,77693835,75226816,16255579,67277,31965559,31527451,33641925,29828792,31789243,43117606,69259490,70927230,46783572,70051678,68555572,57095157,73799719,75347134,76989796,75854281,75699486,74537920,79047526,80922951,80134055,64301527,80914268,80264913,61713152,11973407,63004811,64232677,51644970,98712667,65926272,43569467,28682535,68204712,65950496,67894858,49043627,47977580,38125012,61848316,64500050,65420029,2547624,50840711,42742477,6333491,37015826,51616560,47795902,47874423,12978282,44148144,45629618,26523607,26565791,58460189,22541472,70231997,51111910,716642,66033009,63250723,36891922,34402150,65823973,62512475,7023374,56306997,10611090,94346406,17729030,10868670,16226183,8422873,15402781,16240586,112152942,106864415,20430131,82264973,111948249,18866289,126319268,17524070,127436358,110419291,120758949,120503042,24574004,111635477,96116144,117204174,77475450,19605749,74100722,128124956,133180542,6361042,98658434,116648821,6551475,17088949,128555584,103843145,105748127,104760381,105074220,101425188,18950121,96682396,112508551,10754876,67449091,101536785,22809158,27837231,5774490,3204591,97554750,18485238,110063897,11027090,95648635,11596954,110170463,12773182,5316207,82402877,63905444,63545508,83530441,65558506,14533207,93641811,97329963,97285186,112452194,6343027,6565,4549,218331,124926,153181,125162,175589,94238,169096
Proline_114.05553_6.531,28040820,28223585,29963468,28327409,29796027,12019,39020936,39278380,35629946,39826072,38364165,34402041,33147674,33550515,32938057,30395246,31649080,35257513,27193614,27257898,27266370,26010585,26711335,25957261,28933348,28965012,28587598,27841172,28571323,27532246,32670681,34812699,33407552,33717164,32968260,33819387,33695257,33744315,33241196,34901306,34839015,35082968,32402283,32008382,31997643,31486532,33504055,30879342,30950191,31251958,31935162,29475025,31550967,32558088,34250825,35782743,33867778,34170015,33641701,36501588,14034832,13492633,4597201,17334395,9550970,174706,29264082,30452071,28807885,30255637,28563579,30208383,39212474,36225496,36917161,14219163,35348186,39096410,49670525,48129938,48910303,50468901,46703525,49522125,35429663,45156291,43113136,46664796,45066771,45581699,36570587,32884709,32428414,32257698,34285884,35406254,32507131,33643788,35521591,35135961,33327656,33540105,38671805,37072183,35760650,36891318,37601878,37621613,45768646,40599101,39751577,38333750,39069250,41625835,39758446,37347804,36683636,38761273,37906578,36483963,37296859,35340565,35338833,34654537,35422456,33536255,48544943,40640194,43817409,40673267,47757620,49148405,1475441,30602380,30567901,29184204,26058027,26002739,35205966,32560323,33308717,34842709,35851155,38069821,6150,8970,126653,32688,0,15615,11809,10834,3378
Serine_104.03479_8.312,6491711,7771319,8428251,6355492,8251991,5396018,12182854,9063870,8499084,7496853,8743775,8973458,7507562,7163614,8420587,10262746,10759882,11523406,7120740,6554537,5322410,5421572,3978804,5233252,7498815,8861556,8691119,5615017,8269910,6176692,10133995,12747799,12049351,12772444,11993358,12124499,14999084,14060742,13406362,10114303,12754231,12626443,12290754,14368065,10161331,12374717,12188881,7321810,9453924,13510524,11274782,12613978,9131420,11963775,14822114,12460957,12512771,10292108,12084729,14215139,9464114,8481959,8413414,9476842,9263929,5925027,10704716,10589057,10656740,9853126,10309363,8291151,7614215,6118349,4397106,7484848,7258465,7847514,7632377,9406123,7847538,7586985,7200123,9924335,22630354,8043612,7404466,10042816,7858537,10244838,4900801,3837676,6619614,6269969,5733333,5456202,5656785,5490254,6060309,5098782,7244375,7979612,15353802,11070997,13739640,10956807,11502317,7807536,12162505,6130176,11134938,11207471,11039712,9958083,9170820,6823596,10899429,11523595,7102801,11323794,11586944,10858136,8541952,10783153,8496669,8077846,9618014,11066535,13457706,10934531,12663233,8887971,3769747,5799103,9012846,8751630,2898359,6136134,13180614,7277779,9755566,7306347,10320212,9988672,354460,108620,1251111,4819049,4691785,4263303,4869901,3484377,4652655
Threonine_118.05044_7.38,11227508,3107198,13343989,12324825,12392531,1016176,18957083,13298730,19219378,13894960,14638910,15208222,20012847,20880984,21453002,22542633,20071264,19436909,19123513,13632113,5031296,10613735,13991315,13387285,15123922,15543104,15596166,15596645,15764158,15551189,6551264,19687715,20379093,16277501,13605783,19425367,7293103,10196068,21907439,10672583,22756108,20517110,7295862,6550398,8891705,10540332,6558356,10567538,9076464,19821389,5582616,26316430,17955567,6974339,27824173,9511608,22388538,11898503,21633780,21590286,23240671,21100377,9846484,25410046,15871308,2333843,17909740,17352352,17226371,14451773,17827725,16784203,57209022,56408525,55382308,11618172,53895281,53260420,48919520,1411949,25252670,49155706,46747227,48327558,6617258,28313822,20932590,49267036,46927099,49955834,53638867,50063962,51921007,52994759,52189412,50831887,50203957,50988460,54549927,52006344,53283099,51186859,38698145,46290079,46729373,45178168,46518094,45925495,46970037,48071616,51563016,49433338,28711483,47559317,38450389,44497213,44859363,41655393,44284727,42943777,39890964,44684606,42727217,44765878,44974708,45496968,19043219,16305147,33534182,20378911,41597107,42089742,3855237,41994847,41878535,41387713,40375095,39777589,35522285,44717836,43687708,41395044,42391177,41561157,85733,12574,1743782,1733767,1798925,1502261,2020309,1055585,1574920
Tryptophan_203.08205_4.433,25426437,28668281,29483862,28770749,29723520,0,8176876,11494282,12039028,10180663,15540823,11472184,13014416,28253742,15016171,13054740,14031550,29977424,24918928,23961645,24956026,21962227,25580011,25704516,27258563,27584130,26927822,27469834,27202656,27005738,26140606,26109746,27212206,9802198,10134465,27185809,29994945,32392515,31087466,32959728,10436941,32327572,24217971,24048042,24346303,24430223,13696372,25098684,25334137,25396460,25319170,25088211,25667987,26651065,21963701,14119600,26670721,14073308,24650961,8474999,14258869,13145592,3081373,18214521,9734914,99062,27859673,28243073,28188928,28070984,28710581,27975692,43882525,42719555,39664673,24763701,47178753,42878346,28307552,33317782,29001932,26593059,25776886,29311014,4139851,30912084,38467347,31340583,31106570,31407047,39120912,40276440,42917963,41755099,41723101,44031498,43214216,44347595,45761936,45628375,44351676,41699009,27787279,33365718,33374273,33159607,31525031,33418286,35789783,37104732,36464129,36638827,35906458,36019322,29931925,27547794,27820627,26132571,28528424,26101192,28169961,31713162,31325216,31640896,31196738,31371484,26767049,31219291,30749944,30440416,22729514,28253535,494607,31659660,31254424,30956293,28713281,27713497,27686048,33553223,34205059,33535637,32002503,33214673,78339,3707,1291286,16565,5270,40167,0,19773,13546
Tyrosine_180.06609_5.882,86326984,84099791,94041701,19109246,82675497,2092316,33649378,33264465,9382782,33377733,33424516,98473151,71115215,80286957,68806922,68713025,74997089,75473938,65804603,69332372,67734090,73552586,67532468,68023778,69099639,73251809,67231689,68750699,66714419,11103713,72215990,71377908,73312748,69279888,66978884,69385138,69948896,75414387,70531785,68373403,69836894,73182793,69935869,69716561,66737961,26939647,5294497,67190502,66298741,66588022,66379040,66571426,67124802,69079997,68274743,67114953,67144065,61154479,59489207,69774841,26448103,25434269,17652394,2232010,24895793,3518045,62916460,64324145,63071861,62954314,62046346,63226848,110615619,108893976,104295629,57999792,91196935,113350801,69298749,37825489,7641447,68876686,58464094,50341008,4626867,57299613,99507728,10093229,54105944,6828266,88646215,68579721,71314318,71935354,75215200,77064558,71376215,78620670,78326509,71963413,73529071,80220526,46008693,71520848,33433161,66678060,71577471,69241488,21846415,72607695,23364422,73248625,75485467,79474137,48020529,27279939,68504469,31931331,78013889,78854302,81623213,20937132,73700774,66941747,70196252,69517301,85869485,66694980,71383456,70935109,14418750,87311300,6272922,47370132,46906137,45768527,41327477,37583561,41927493,64057616,65413566,10152133,90713993,87210539,15822,2764,1282650,1606081,1628952,1233201,1632874,749394,1476489
Valine_116.07118_5.965,50254534,53157873,51836572,49565119,49977562,141848,62572619,63434318,64213158,47546167,62232926,60894832,60062033,60418272,36238403,33858598,42789017,55151712,39747123,50181824,46590793,36440705,50220975,49606166,49242198,51567429,49316451,48885698,44318616,51195622,19781568,24238354,17390360,67067348,35421342,18366946,50701979,37488556,15951257,13613411,17037562,17985904,15426825,13835996,14840946,15765107,34530759,32970226,20818025,33603063,37797423,21857852,40455804,8022800,51420059,52712531,73269705,62456460,68175516,58623897,39621173,13395949,19841296,45469761,35644091,1185791,17427647,20888725,22161793,32975871,13462477,38122555,38738211,45953952,27197715,47856356,35804266,39785461,24462678,44916963,29716255,35497324,46962307,48060115,92840117,129742528,37417704,21646359,35130460,24998874,29398307,20084924,31999704,26080873,20838941,31925378,39966870,137810857,29980869,121380676,28670036,12276099,2339647,102152428,34896147,99273759,95156517,25587221,29595931,20113734,103521443,99760207,22592641,104178049,50388212,7730798,129778847,106577808,22711505,26480596,27629048,1719881,25638311,43124656,27531437,9807673,29972881,8603971,13871306,8891281,16414084,19767657,6155287,92547251,44998954,114602508,9207037,10654371,37447511,8347177,102494706,14615202,35371827,32537351,29703,10873,817923,46344,301456,251285,273371,191641,217044
Mannitol_181.07124_3.784,27738198,29213816,27826299,30087763,26292186,168687,18165561,17388809,15854808,22664158,14487119,29151385,16538265,18919184,21651227,17153529,18139416,20875690,22251398,23396406,23046351,20126773,23013353,22961055,22439029,22504185,20949320,21609701,20258335,24278002,2761796,9911050,2811579,3804336,1559411,12521093,1786625,15757840,2278584,1995065,2172667,9119730,1755841,2729619,10834684,2165579,3355561,12267404,3152692,2305943,1708979,2345646,10884852,2064555,16794581,14451086,14845099,15768479,15883457,14175506,1491902,5618593,2254609,2570490,4632007,8913980,10522992,13897909,1500212,1677769,11851710,2393132,22755446,39253934,25528553,35624924,28498704,15739972,16594797,7366546,14984775,23611681,23885582,16190333,1574108,5879743,24733544,21958117,19124653,19421376,31463799,19621356,23696758,23026752,23702281,23755307,20138955,24027416,20996192,20637356,24907204,22766091,2426292,7403910,13658459,13111637,11176325,9701874,18713065,16678013,15878851,18202175,14869359,8122052,15055107,13545561,13672716,2722709,15842019,13919681,5068312,14556555,12871928,11117564,12797697,14193972,21389237,15825245,1087108,14898635,17446377,19707952,748653,8314605,8468904,8202623,6234777,6008994,11916855,1336423,2341206,2527603,5139266,3442163,132372,60238,214880,385199,364425,213096,1385799,130102,316895
Melatonin_231.11338_1.457,75012762,80155656,82017322,81265404,81902002,0,6378035,6152083,6071030,6493447,7232705,6793919,23476416,33926006,32790302,26593182,28111275,32280015,64436699,64342155,65115700,63589936,62469574,63201110,72238515,69303776,72098206,73654943,72465157,72838668,4817045,11253167,2896114,4600020,7586613,681450,2237111,1862512,4243342,3018730,6021716,3118980,7471453,1601386,1077058,5206491,763679,4242815,4142883,6933668,2593362,3811990,655665,702424,2868954,3235976,7888383,3088725,2864710,2461200,301701,203293,340812,2246823,962485,10224,4293310,2728248,2282801,321743,6798174,7802897,21559015,15223059,17865620,71288304,22986202,18808362,2152192,578773,2227762,419293,2241176,656572,1252352,9291754,4044613,6579202,4504275,7175506,13603572,14236890,18113354,15033988,14582527,15485385,17655755,17018614,21104568,20492963,17510742,17548464,2697894,1875656,389371,1223610,169330,201848,5230190,352936,1031887,1153164,3068017,1398003,1195110,1227776,3577431,4721028,3113020,972662,1083358,2336750,1686030,1063704,759346,1465990,268471,1488460,668944,2474410,1558969,646149,396427,7858671,6505980,6906565,6453915,5414908,2650106,2138805,1146679,1750547,2502837,1474060,37125,8378,771525,83168,67171,0,14925,25874,8274
Methy-3-indolyacetate_188.07188_1.339,2335043,6252265,4866723,3060067,4985561,28251,19539870,1900122,33376717,19697943,2546281,21402603,5616047,5386715,1593105,6140617,2003062,1835891,4161218,1048963,4803430,5384755,2430788,2471478,4813180,5025834,3418440,4328959,3979256,1955131,4701078,13378917,1308382,5812797,6305533,7303595,11528535,12821381,1286703,2598460,10735050,1230788,6833238,5735479,6280804,6070700,5986977,1224876,7448654,7502043,6157874,24814356,7474561,9684502,23380055,25424749,26027047,22457060,18641085,20595906,23403136,24452591,8873659,31710861,18803102,453271,1155036,7129154,993283,1354798,1301828,6725278,33335591,2100194,33800306,4645073,2804513,2358911,1587295,1294207,1245514,2277894,2124229,1654317,38183940,5289908,5690140,3729862,4698041,3566483,3068140,35775190,36345638,35773629,3558586,22368331,4782730,36017873,3883682,4547951,36439019,2263449,4350731,8082605,5980783,2605572,3392273,7745067,3431740,10079682,2938640,2324261,2060660,2939677,2511280,8818162,7722644,7264973,1520507,5733415,3050786,2052632,3440511,2612664,8013779,3321143,4492222,2246109,3362353,2708629,5494343,5366276,3891612,2983160,978287,4243429,10575677,26120890,3336938,2782746,7010001,3504975,3761491,3202596,142928,71188,1489296,115770,134475,131188,204273,71066,126703
Acety-5-hydroxytryptamine_217.09773_1.521,5676828,4487211,3154657,2322830,4130265,15828,2110044,1336473,1416134,1336992,1241483,1358751,1339694,1776140,1173978,77531,1247169,1547520,4440053,1732617,1946025,1491548,314542,1286501,3228933,3548144,3535215,2999621,912859,1764645,244542,1161225,1502900,453804,545682,383286,1497068,136583,1953560,1160107,1504188,1835350,1863659,2197171,1980629,1109222,1662452,736125,775694,1323440,1284472,1219509,402621,1943485,561938,1292718,1404626,1182043,1087429,1125645,377411,305486,375791,618832,111692,0,1086755,940449,1171731,1254634,1543065,1331974,1548510,4031524,3585295,2757222,4375929,3175454,1473413,1103089,1636156,2482331,2380617,2370360,672906,291543,434218,542589,533137,763347,5883971,1794857,3869944,5722899,7038353,2234212,1376963,1109681,7339446,3183190,2323779,3710956,942249,1060926,1179765,6745820,1322703,3920877,6824589,2763204,2264125,2469411,2344984,1647847,1531938,1773041,1562723,1795108,1954665,1534757,1324711,287499,1293451,2128420,1479796,73975,1279538,1475067,1661637,1182451,1327775,1018983,185643,1460725,1680384,1374715,1252676,851462,1282317,2038976,1329014,1131270,1004333,1039038,51798,22002,0,0,17293,0,7176,0,4363
NADH_664.12477_7,589568,929334,638025,552796,702031,96087,985856,853998,1056592,1081514,1090558,1195672,993527,937310,831652,976607,1014643,970371,720689,655178,570163,566272,579452,567201,514485,524918,349299,666260,578303,624478,717293,1051769,739564,1002822,769637,960805,857574,725685,717537,811193,974084,586586,876671,1058605,942703,1110411,1096245,849336,792737,1044161,1177737,926492,1090801,926972,1148112,880951,1132930,872859,1051537,1063827,492847,469726,271579,623845,505648,9611,873219,676897,842955,508133,863296,814176,853471,383284,757918,968592,454574,738837,1057835,1020389,993364,1111060,1156608,1070535,179576,930260,553082,814587,791847,951893,512423,462712,700649,667782,780509,462219,608970,506057,649357,621286,647786,339911,1206865,1020393,766423,1052929,858173,1075827,1238789,776113,854715,935843,774951,936830,1208374,1003112,774308,1169743,1131002,1052016,1211299,1154886,898673,691347,1054669,1014701,1000841,885776,907743,950403,1097070,966523,4851,482408,610244,475586,574162,548129,845777,640439,866909,765055,809445,775860,8364,13282,97822,17642,6856,6096,5459,6337,4846
Nicotinic acid_122.0242_3.552,12030194,11987824,17324984,12456208,15315471,187693,26181336,26313400,24860793,30560989,30650772,23262659,24481238,26436886,28722412,26410614,26326143,26645814,14792165,15961700,16003435,15152360,10482122,16804350,14594031,12473335,12860543,15262105,12313481,14751949,18423164,12917744,13691015,12438469,13492188,12959795,15418726,14415311,18192480,20254188,16080603,13482819,13374114,13375332,12921895,23873857,13280088,12757945,13431504,13210498,11819090,18771692,11174909,24483494,16176893,9918892,12520034,10166197,11772946,11608239,6128175,6670617,1737133,7085596,4988148,175775,17152030,16460113,16053098,16372445,18514396,16734161,4309703,5403712,4506470,11206545,4986542,4779659,19555197,18850704,19982137,18874584,18451878,18207581,197848,12423573,17190401,15475003,15068223,14687393,7030677,4922366,9268845,7383137,7222594,11837922,5995163,8483568,4142691,8964602,5871520,8818428,3748207,15565063,10588681,11251871,10106735,11060458,9402724,11265581,12569559,11276172,12758283,9818634,17577460,10102109,9956689,9707545,11586160,11687175,10345254,10967563,11874881,11479845,11020077,10480710,9510303,9241842,9045006,9174872,11556475,15253823,60570,10765608,12284725,12777042,8273212,10591789,10864899,15399946,15324373,15386075,10284769,11896982,172925,73608,314511,228843,178867,146969,168863,101971,163068
Nicotinuric acid_179.04566_4.75,4994588,4180670,9849650,19532432,4124557,59063328,9767135,21252520,20619438,17514420,5788080,5559702,23691201,20229648,19362925,19846055,22907194,21644685,12206653,14827081,19016282,13900512,14609206,16353942,12208182,11301119,13178838,13962396,13608655,9529227,18122215,16785563,24286597,17853246,16759641,18268224,20891021,21113770,18201037,16693995,18328313,19381804,17989417,16761349,20001437,20284705,16752910,15926758,14904695,18230989,23489634,20824248,21771842,27421215,25226470,27228321,25237942,27037486,23208790,27868574,79459795,112672797,89304193,104071449,30456312,47414375,18267797,16806921,20772932,15413322,16011421,16543953,12619755,12048221,12229543,9578451,10729512,3710609,24712035,3860306,20974225,8543367,21749335,20431837,21457232,4132762,12721434,3378956,88433597,4315132,21324072,12460152,9898566,15766068,12738694,13527514,13058210,11889610,12115019,13088032,15006384,12119287,54202314,24151789,23212536,22149256,21923717,23438117,23365807,27408949,25385736,20057382,27330119,34207571,47022259,23016940,22340366,14760593,23560088,26114541,21801656,22029405,32244725,22295383,21975633,21317065,57924103,31652294,36412645,35319129,57204771,72934501,63826346,14939034,14661690,15040329,15964623,15895668,53578061,25329205,25487987,27488515,57739955,42427138,20188,4757,9371804,32291914,33555981,26386138,33288550,17350671,29966509
Norepinephrine_168.06609_6.481,1385447,1404844,518056,198689,604916,13984,1795981,2349783,1589152,2370488,1849079,914043,1321951,1260494,1139515,1262966,2047972,1409476,1121637,1389524,1468448,844531,1153947,1211522,1098924,1224449,178104,167428,1179478,1019560,1665106,1786368,495786,874452,1167246,1456780,2158373,1790262,1570353,1035637,1745161,1441094,1788228,829387,1706747,1910099,1500152,1766071,1068579,1955203,1935440,1879898,938957,814437,1981582,1816144,1318456,702865,1818071,1125570,100416,712971,38024,1066853,10636,0,2208727,1700792,1110655,1765226,2032019,1957885,1193803,1183631,1731249,2159945,1023982,985850,2069476,1393786,2430058,1523867,1568548,2326924,143700,1409239,1016438,1180924,2242408,1264904,1005071,1555200,1413167,893114,627072,1471938,0,1042439,1390052,1149596,1042286,427456,905007,944122,1060719,488911,932281,1168230,1369859,985602,1125374,850057,1156735,945745,1210092,1139129,1092790,1704254,873344,948572,786684,1874850,1704518,1077264,818939,554406,669150,1004785,928817,964867,1215949,1115446,0,1452996,756848,950151,739519,601982,1871060,1685958,1832713,1560829,1608437,1759876,12226,0,18600,7879,0,10089,20569,5560,8266
p-cresol_107.04968_1.505,5324354,5261988,6473634,6349148,6330333,8619,4925247,4683078,4162694,5040560,4721437,3633026,358975,1408850,1210952,1992091,1273951,1399786,4348481,4308285,5033752,4869199,5737555,5190941,6582786,6545606,5885924,6647326,7226675,4968492,2493735,432794,216815,345339,1052792,5518017,646357,272604,299464,257755,545335,400733,3645812,743789,503607,4594994,470900,252075,3145060,2937307,461060,996839,3284641,3544519,5992769,2674763,185239,3719091,134531,3163146,4139421,4983623,3464419,3506485,5089260,151431,2400783,569075,363548,344569,423480,157654,6324747,1938020,2551607,6342267,2568853,6424406,4705570,4561907,4540657,4819018,4991050,4920007,378235,1901292,2853781,1975169,2835820,170905,1960917,1964183,3340615,5931889,5704330,3108419,2899471,3652008,3332333,3162569,6968094,4420985,369319,184077,260987,330421,5419508,5310258,296819,349951,438935,2421752,177182,404317,3381631,145320,184060,338228,723306,2765300,6369920,2607743,3810702,311062,3352523,186879,3385121,271101,1302819,1213744,391142,193219,902122,151480,242877,155758,1779478,2501596,3773036,194177,2804656,208472,3253558,1274458,34267,12359,20998,52562,61403,25378,70607,42445,53137
Pyridoxine_204.04274_2.104,716775,5632054,9005731,1537136,1289375,48820,13208455,13540021,7064411,7999172,13836841,12824518,9621463,5753062,10232152,6054775,10743410,6491751,3687782,9384624,10128074,3189837,1718774,6969461,8738230,2311015,8235556,7905374,8455229,967492,11123785,11502569,18012814,11897350,17847829,12870015,19171098,20093278,14032701,16111865,14447625,13366685,10214804,11303023,17796810,13672987,18669762,17344856,14282518,19492162,19923087,18204642,19562896,15679882,21543348,22587788,22990767,23786496,18204804,18900797,817205,3315003,596045,6676211,1397361,15456,9974109,13892107,15335624,15205976,10603420,15841019,12358811,12047624,11109328,5832917,9375437,11409771,7314723,11842960,12850136,7654776,7575847,7400343,274626,4113980,5173499,4928041,6353118,10134768,7354854,298580,235951,9710987,10124273,5727503,6426120,5045417,9303195,830772,9325869,9564315,20342065,18709640,18630228,23836358,23655355,18728945,20944777,23315889,19316213,23601592,24481229,19889412,23944690,19221347,21348974,29239354,23655113,22746621,25380879,19731096,25468668,23695835,19543116,20127900,21416349,19861919,20453738,20173377,29163260,22326507,131900,14021825,1857441,3787410,11538331,11297399,15458057,14330027,14212689,15038479,20785402,15925591,163791,39038,139755,53649,37895,45625,52812,22400,20534
Quinolinic acid_166.014_11-22,1754499,1752625,1828828,1826083,1884365,0,1630024,1699133,1652681,1598592,1678421,1674136,1777527,1569927,1366430,1310181,1347966,1393288,1854345,1666830,1647252,1386402,1404958,1453138,1499578,1442614,1466683,1468534,1473885,1499676,1197307,1116644,1020423,979640,939255,902284,1128096,1781728,2039683,1908553,1852956,1857497,1628268,1275791,1197930,1138129,1257124,1152310,877272,864010,821752,786272,826103,827237,1119953,986217,921303,933458,904215,883651,479049,404991,93166,622995,234546,10133,814357,739672,707080,730313,642513,629816,1460365,1400850,1385308,1771642,1359016,1621830,1216120,1039413,1141405,1211018,1239969,1188492,1076826,1598694,1367191,1461023,1333280,1388410,1405249,1296312,1204340,1156698,1069483,1049432,989830,1043082,1030269,1027146,1041847,1037566,862840,672126,644144,645156,574912,563906,1463567,1087385,1056744,977434,1085839,1135768,1070750,798301,740912,872941,783513,714290,648778,565090,548214,516489,505752,479510,970257,683613,605508,646955,799801,775429,12984,627975,596848,560062,541606,569226,671987,469316,448469,474044,571469,498187,21433,60070,27303,0,0,10053,16297,5672,9705
Retinoic acid_299-2011_1.508,11574476,12547468,12561640,3419025,1537139,185093,3693734,970322,3622313,1033170,2777538,4325259,5441856,6877854,6708480,5114287,6763584,6210582,10140090,12952332,12122137,10060725,10665726,11300243,8582030,9358297,9290052,10006365,9712955,7455063,10011534,8906439,8686893,3648969,9331793,6901514,10475271,10312235,8155699,10123567,10395808,5466922,9354168,9316634,9689283,7879159,10353055,9320259,8785923,8679233,8685826,8305004,9508387,9601121,5908125,6045414,6106918,4452733,6147339,4521768,1091026,1250294,227107,1958334,650515,10414,8030025,8156183,8268005,8508415,8212447,8783406,9295506,9746628,8862515,971536,11727076,23894746,5895079,5159513,459474,826736,7478232,6575344,106357,2378067,3384072,1776370,12569291,13051329,18414413,7915276,7875907,8056433,8023519,7196111,5755108,6417223,6483688,7367835,5616405,6514378,6233041,9344726,5646399,7937913,8691814,8133295,11932049,6269276,9863177,7882923,9473117,10311047,11095195,8398405,7919197,1229286,9611606,7091818,9366106,7985673,551461,7255423,7623927,7965372,7596476,4469921,6510832,4434572,8152036,7611592,2562,6250299,3849516,5137598,4680995,3912444,10557877,7980667,5246970,8131069,8558458,8929207,16394,217207,509438,6999,10424,0,10739,0,4575
Riboflavin-5-Monophosphate_477.07873_10.377,95273,71270,38295,49456,55569,358314,33293,105593,22905,30387,27488,12785,16550,86848,28935,21786,34861,33831,179001,147789,14044,52724,15196,198027,39163,9450,16062,43517,28801,36047,106687,102841,163442,147282,44391,128066,89474,268744,191801,158065,165134,180975,126455,126876,41944,83379,126367,120815,120650,79630,140718,79402,221033,93923,114068,49861,103418,49914,99287,9697,41430,20948,0,65422,7116,3382,92047,83981,40701,13095,33159,55577,24069,143260,71603,25814,86370,61566,10528,65565,76667,121928,68823,67077,178013,16388,54657,16549,57934,39484,19619,64621,26391,27977,158223,62393,27129,30806,28806,52531,63063,52713,67174,38990,52290,71915,62309,19627,34936,35307,52707,69337,31740,28426,20166,11872,18970,75917,17258,41219,27683,15663,19091,36864,60977,33415,88235,43569,29874,47196,15211,30853,0,5798,17926,35969,72449,40754,11160,10348,74142,31336,24424,14512,0,0,303705,8184,8622,5707,5675,4143,26661
Riboflavine_375.13045_2-269,100438,517422,894655,56004,615148,95854,7465680,6541310,6792067,6459123,6272916,7149312,216193,734064,1696165,264949,240210,584612,102184,57209,96445,106618,145271,281842,440486,547599,673601,245579,438773,407747,59943,162104,914914,37227,470363,38807,2234921,8999208,5012120,947650,3909247,5303795,5681034,1311102,2031327,1192100,5534824,7070998,154140,45845,149266,163015,274263,320807,1506801,64111,134887,144026,1176147,105911,35254,29933,63157,1747613,95237,5240,163419,1955749,186098,696684,35175,121002,358234,294956,348304,869219,305827,315934,5186920,5948251,6294053,5277279,5759513,6564917,784167,1129005,447743,7584445,1224350,251607,442015,4932928,324023,500208,7703859,5874352,232627,57487,407052,358832,90842,620049,654601,3653489,2646803,1530426,163279,57398,2905526,1958588,232253,4632957,5745198,1509477,3189606,1948498,3285243,219083,11996443,2814727,233623,178370,1603870,150194,5986033,5144566,944484,357996,209930,26911,640634,933855,29642,506153,69321,94123,1749439,170923,320072,661266,236890,426586,64143,150226,24104,150299,33158,17590,7290,5522,12037,3307,17545
RiboflavineCl_411.1075_2.5,368421,857280,689884,244661,1602957,89710,1057605,998907,596040,840174,568740,801800,64845,139390,250423,75118,178770,63878,412716,154081,539074,287251,669300,741816,429828,311531,487695,273291,63677,99633,830922,222061,1347445,1234485,82303,1288546,13467075,12182686,13923602,15611857,11485934,15253135,11516833,13275818,13833998,14784699,16895551,10200005,1090775,1063547,442841,990019,912194,1245073,38576,30111,96286,994525,96073,637484,110008,115808,66915,70011,377037,50428,580187,132787,905931,772475,109852,52258,11352595,12582626,12569064,4006255,13118752,13557641,532499,258824,297628,296281,169209,175221,84410,210384,114573,150333,218650,237279,215142,94434,608795,121745,572708,653647,232793,501478,637454,601317,210678,137912,327394,317403,949198,1003244,145280,168033,26303429,13887630,15352385,15383326,18599709,16629673,20100093,11545359,15283014,14043007,13125717,12769622,55586,120081,137204,824920,233610,874841,59764,78476,77640,88601,102708,53724,4322,884991,963552,652652,46421,535546,23038,219427,167193,104901,181429,133272,67128,211575,75013,67784,63236,48513,47797,28850,29824
Serotonin_211.06384_21.161,7981182,8443353,8273308,8605413,8672000,100842,541458,613674,1819467,1086289,686237,868234,3058324,3502579,4484677,3929670,3122294,3744070,7062763,6841107,6616989,6451915,6272664,6678016,8538797,7766004,8209674,8681825,8675275,8592432,641367,632909,661880,584475,478243,483477,375181,432580,422605,923472,591912,754427,621033,506418,757044,823617,823642,668571,672084,365883,384187,578744,435091,400857,200430,297302,253134,46876,1304005,216270,312172,258543,168822,448892,239974,94821,530067,426644,604620,578385,555750,609170,2589747,2373241,2331472,7145491,3192442,3231615,132180,442405,259076,1365782,217963,127845,853017,774652,582961,843524,564630,571026,2460429,2355423,2790885,2452223,2328945,2235440,2872420,3102636,3213697,3028694,2622862,2889227,1729480,74965,168436,132548,89497,92984,147987,113616,128341,157798,163061,148165,119260,213175,153529,1405717,1647126,1073899,1615459,197426,105955,179206,78180,87030,1654770,1817817,166357,1888822,1794813,1466485,21147,59195,105545,203449,239491,277960,1522742,139503,215907,179025,90980,131400,90433,84019,0,91086,74691,9461,42227,8400,20858
Skatole_130.06567_3-685,11385920,19741052,12822437,10710392,11449118,523823,31502159,32071167,34317290,31860612,29245943,32314387,27156367,26345919,2572793,3026946,25489363,28543517,17258660,18582060,18640886,19943628,20163799,20614729,13009393,1058241,9605599,13020334,11867723,2748850,38089793,39590804,36550609,35570032,32295148,34710432,17279678,22343040,27427579,26935454,29092612,28349652,27333019,21184771,28593143,34304790,35456736,30491523,19424282,23859849,34143833,27777507,31434612,25118114,40543102,38462690,40068727,39361764,41663021,41888610,8651299,9361901,26859389,11534365,10112146,926383,19413319,26019096,20878767,29556783,29728380,28045196,6508856,4932038,6872037,26678047,1555807,5998615,3456445,3736204,10522009,5575925,5291494,4575559,36866742,4793715,6758010,5098628,4985010,6505520,8225058,8359974,9036118,7917330,8078265,6796065,6692050,8975391,7672176,7233813,8830608,5789880,6912017,5799524,5950304,6785104,5894040,5328227,7396847,9118623,7430336,8624795,7882261,7653352,5849036,7169402,5412509,7938282,5253087,4032544,2794635,6687464,5314145,7411974,5249781,5265411,7741589,6736447,4553157,3517168,5412897,6868412,8665490,3374969,6908159,6255202,6958337,6533656,11511941,6527172,4182596,4695214,7066469,7164534,0,2755,212955,617392,559360,516459,425820,392545,593867
Taurine_124.00686_5.08,20903847,21107332,20477561,20212632,20074474,127034,24979306,23680819,23211469,24628940,23008739,21056660,17818281,18428932,18135030,17069632,19291604,20399489,16374570,17578134,16786811,15849393,17120302,17096426,15656118,15363696,15834290,15473559,15021689,15152910,24003678,24651527,24970977,23730574,22954033,24510845,20896354,22420800,21228607,22573210,22598226,22832360,22809927,23217800,22798097,23244790,23843990,21629130,21251800,20865253,21639817,19451333,20865721,23346681,21619303,21754362,20800938,21461759,20802905,22055855,9611602,9428512,4226496,10566381,7611855,337907,18569521,18975358,19664458,20064601,19439155,20401591,19033097,19874896,19974367,28525482,16234063,19689623,18610617,16886407,18432262,19849377,20260598,19215284,670430,21432577,20374944,21941389,22313428,21847179,15562715,10436335,11061807,11168657,11273446,11234198,10664514,11190718,11288480,10740510,11419333,12003020,23183637,16540188,16713241,16088065,16491082,16827624,14846990,15910922,15062318,16111300,17187736,19211538,21109984,15950156,15903604,19770908,17759355,18035447,19863715,15210745,16688792,15243173,15349876,15935868,12857839,14671028,14155473,14011768,19953291,17217573,1377110,10159912,9842199,9398853,7460398,7236508,20451013,13182583,13935379,13599427,16505898,17237945,227945,0,281292,65184,77404,89209,96089,52319,79045
Taurocholic acid_513-276_2.06,635039,512029,921131,540742,478340,9005,294248,35629,93948,156341,180433,55690,36535,98530,40316,60872,87467,61766,33034,49734,43437,69722,19825,89833,713177,483102,419304,511410,438189,262617,8873,24393,38329,231169,65037,18205,14452,100870,75500,73054,12179,53333,124795,40485,87122,105578,56624,50212,25593,110212,51712,31147,89329,64768,1161924,16569,64018,123344,32073,112624,109424,85526,4071,411406,40760,5761,62988,152663,142113,93974,30999,12439,867871,461393,297213,683394,423943,439459,350697,381352,275800,380893,381587,445051,47950,425355,402664,27215,39897,401376,355659,157382,36926,76104,47092,14389,495155,499469,703798,190266,812309,158951,334390,291960,15951,55986,27550,31958,88136,324122,261915,352440,311921,262561,121038,75437,98838,133715,200626,33080,37579,359866,275520,256929,133123,367846,348600,301126,280365,265034,22694,340047,3161,127917,168255,230004,141782,139380,326220,274679,26683,251750,287553,332902,4487,8351,106128,0,0,3322,3230,5023,4844
Taurodeoxycholic acid-Tauroursodeoxycholic acid-Taurochenodeoxycholic acid-Taurodeoxycholic acid_498-2889_1.56,650335,155003,132627,215255,160083,12115,253686,88122,188088,183734,132415,122925,202222,166165,506645,180506,130648,138193,356629,468814,210295,334867,140902,365433,556924,504369,199089,331927,200553,218342,108301,107221,298523,58068,329129,49044,131857,748110,78792,299166,102053,114008,0,107761,117943,360019,26493,35872,572876,470424,379421,71253,55925,92898,74159,98437,13877,104518,104762,59443,97194,321543,0,356417,53897,3390,75927,759933,869646,101147,72176,52541,281007,239911,289876,219240,703232,791383,190927,123674,254504,143089,207059,201695,7920754,137727,338029,149664,222553,165854,481003,449717,445508,294780,296645,426090,289540,713040,650734,572359,95261,301550,27994,29946,300148,417457,84207,63924,155207,137712,204893,95388,99100,78201,101548,0,64585,143283,325129,21280,31760,37087,1401361,35410,32105,97990,122245,48496,58670,39414,0,60570,0,658492,104903,35081,137185,0,82946,267133,47354,115324,143109,53663,4176,0,52190,0,0,0,3077,3280,4904
Thiamine_264.10451_8.55,3090436,3101264,3205431,3146622,3062807,73746,2930654,2935070,2931812,3251421,2731889,2819515,3060569,3240164,3380147,3235795,3349502,3339218,3016845,2625875,3210045,2972762,2969058,2677079,3605339,3302118,3078578,3390058,3261676,3049276,4041904,4135447,3980405,3730246,4122980,996290,4953358,5286654,5185600,4808216,4421356,4587127,3916298,4088792,3823558,4209060,3256263,3672769,3384255,3779479,3802721,3978836,3635759,3416724,3705452,3434787,4237669,1364657,3739512,3284409,3932915,3787667,1331724,4769046,2993064,26958,4136298,3544016,4224132,3741457,3704717,3397716,71890117,110322274,108997054,1504332,102179195,109660052,2561815,97652552,77367736,100783977,24346922,74674495,77578200,88959887,99000933,104764719,101789400,106161650,82252279,74749138,74533015,73404289,74845902,75274175,69799321,75915990,75910398,72931465,75148147,77206833,2888178,1869077,4052032,3811118,3737250,3764092,3044485,4513603,4195984,4499180,3886113,3692160,3154008,3473709,3610244,3293697,3160159,3584321,3573667,3790214,3401070,3799500,3393907,3488622,3263587,3582388,3589702,3726919,64902766,60849084,287677,4692079,4077937,4033122,4053243,4309538,2926070,3318054,3084622,3519916,2895719,2906376,8504,5330,114296,0,388221,0,17928,89462,0
Tryptamine_159.09222_3.868,1660958,1312925,525293,1660081,1260194,4490,1769528,798886,916457,934985,737548,883410,771197,1028578,568845,154967,662163,933739,674352,1547680,1008451,1376701,1145628,1436181,1146028,1126509,1028685,1256819,1239994,1054423,1508880,1291946,1481193,1377768,1123965,1206407,1059324,1327346,1279781,1354171,1041790,745866,1111395,910115,942167,1111389,691938,1317455,1315821,1096895,1182178,1047929,855447,1349882,1101556,1147139,743938,706715,1138352,1552250,326050,321535,15737,336911,172770,0,791102,1237609,1116873,1287165,1170395,1385698,740929,492590,415436,560501,441678,272820,1214361,781040,377743,127726,124607,976247,921303,232982,329289,208583,33593,52050,448014,61896,126691,810956,928221,901763,472766,619299,909307,808331,964909,957871,1033102,532136,847310,1064170,1249294,1198615,1010961,1185823,1158696,1181698,1316816,1468393,1093065,330563,1120818,645317,247033,738686,1111561,1386735,311663,889028,978189,1087114,1078814,529251,795865,1141116,1090665,1113379,0,969170,1191311,1047174,750939,657616,1161386,538789,873169,48675,924415,1330688,0,0,0,0,0,0,0,0,0
Tryptophanamide_238.07474_24.176,131456,252844,158438,171178,289356,4696,75558,19791,114600,255313,41106,23860,100759,22616,37680,151071,109654,23521,297989,170351,66076,133644,205714,132312,202077,480275,183434,431395,445236,274146,394122,120096,191806,216099,102305,1336764,27610,11348,259510,194291,203998,71528,115006,227735,221705,102799,179764,110558,143679,127938,275325,107915,165909,109625,690499,139956,57416,171809,39678,195311,326693,220416,15737,229075,184419,0,161968,144366,148190,117073,161692,842826,2714744,2793521,2928031,22306,2598753,2642546,738371,1121223,758046,617036,628911,686638,931593,921691,925635,817936,344061,751874,1876607,338997,112651,1695804,1780677,750000,2261536,2082653,2191497,506970,1977259,2376853,364849,244727,92314,287799,117141,226971,1304027,379584,946068,241904,1106865,428105,264379,668082,73090,293378,228341,247726,140255,104715,119951,752865,241795,217286,1149664,247684,296537,339296,1130982,182724,0,538618,557819,557337,561340,550052,801761,708916,808916,214514,806357,944068,0,0,516764,0,0,0,0,0,0
Uric acid_167.02054_4.534,46061993,18547694,29776677,27544923,41137329,119607,50861353,54707433,46371001,56555870,48800345,54071868,43182197,54447674,52625660,51004769,55399109,56692713,33707067,35656149,32967060,48493119,36971433,50231186,45426552,44847087,28726230,41895599,27605178,37057577,10881120,12723033,14461152,13473975,11571325,10642243,26885512,39108063,31262381,9852578,6993241,41117149,9213952,28831385,30878435,36170617,38367136,45251998,52535212,55156950,56194219,53637305,58672102,50918022,54642599,50526045,57186470,15033496,17022354,60006486,889514,12383467,1349112,29299696,9142968,86441,38748041,52641728,48571053,17292055,49077429,46595484,40906298,41522021,42366937,43869388,48498500,40686242,44309358,42857185,44132987,40824722,41914058,44883628,3870409,33036238,29252014,44339027,47323362,45565264,12392142,37476479,43300909,43052451,44905826,39176111,41444197,43569082,44865252,35073135,34719053,41146009,32536637,17273890,18907836,18695875,18824690,17668885,50564361,17209277,15078260,14640436,17288117,54941751,46061344,38449629,50135043,53766084,23145378,23744890,26142001,16774507,26153896,23177578,5045354,25568032,55219144,47861995,32985515,27427170,33449181,49271016,840568,12954612,16280304,40956578,13231154,22320947,29479683,17089659,43630160,31621886,43122142,29013215,27373,5904,102085,72476,58250,18415,30285,73832,36360
Ursodeoxycholic acid_391-28483_1.988,84034196,84904758,84222581,83147424,81679504,12522,24958164,24383404,7425951,19026849,25583748,15934156,9224790,12199245,12556353,9769706,12448900,32019685,47719633,53367806,22755005,4673165,27003154,25734937,63501219,61322970,61050049,61938274,60326005,59694022,17628849,15775755,17133109,12758628,15855308,18003499,16934214,17452160,16443689,17063137,16451321,17744251,15441660,14748892,15954987,14791762,12653976,15526027,12864052,6136363,13935722,12288409,16027218,16426413,11164475,11398057,11033879,12124696,10697238,11658443,1980659,1762353,401690,2986206,1054337,0,13922777,13175593,14290970,14302935,14180259,9967133,88508305,87553859,88388773,103534646,74415053,89402800,42556577,36141642,41949543,51145398,52802118,49110265,955876,31177389,44110339,57881376,40562929,41652613,57317475,7608481,23673589,42622499,43764831,27029393,48118135,51748103,50500352,45589898,51581206,53553012,11260224,4978050,21254354,13300983,14290357,5425899,35010942,15516021,20786438,14235733,23512153,6625115,12300485,17556040,14437959,4652874,9090434,9866132,24626075,18795404,8079809,11960628,5330907,12928108,1663432,16506326,5195775,16968075,11404516,5568206,131339,10418399,10287822,9357999,6544504,6155525,30343840,16168354,12116434,18042776,7855974,25922822,4195,3847,30488,0,0,0,0,0,0
Xanthine_151.02563_2.537,62210203,60718460,60748788,59363455,61313954,902401,26502947,34036091,24910763,31383180,32304749,21473548,40169289,32425744,24228417,41987276,29219758,10873636,15179388,20849169,10193576,56081358,64546901,18909077,49464304,57451482,58197750,54875989,53290819,53657237,50378745,49091421,66508456,49657190,63904958,63713900,26817951,30518234,30738046,30673283,29449600,28435792,6703807,12444317,14195525,13568486,17646909,12887164,37816431,39848022,40038356,48528938,35962900,41081198,30226445,43489431,31438547,30538815,41448309,7076240,32933134,26412096,10944969,31931741,21117421,611317,40627455,40522459,40587534,55737884,44783772,58034981,58120669,47644248,46858414,67150709,51712647,62979981,30485765,22268169,32155952,28889829,31807808,20474444,1338379,20399238,26149516,28931344,29220541,36295530,57202425,47364308,56270630,58330040,48925990,55578628,50073827,50788481,50360940,52927060,58207525,56877580,32738331,29314638,31501935,27749326,31394823,28056401,19543775,22925939,16227131,13762150,13544204,20958007,18897528,15720913,12835981,17036565,15487518,18506113,30690141,21267607,23645974,25668212,23150911,26182020,33477907,38476945,28257485,36178355,29306532,38868417,2204510,27115663,28649975,6972470,24316669,24830509,29033246,27399013,38591233,29193841,32772596,32799455,62780,9221,196197,146704,28562,80388,172114,124292,194662
Xanthurenic acid_204.02971_2.721,337729,5814266,5340490,1850156,10572032,26086,11679345,14000444,11992636,8176574,12926445,14755368,9856506,5007717,9666804,9333782,9467699,6307770,317227,8221788,2859092,1375480,4135222,7939449,5001957,314511,4047000,9847915,4021797,9350451,18790374,14974251,17545481,15629152,17113454,16654570,18734943,18493307,15384509,14944461,14335640,13679916,11307668,10736097,17991577,12056395,13830848,17005096,12682910,17938777,12832418,15525391,19176904,14377911,16347661,22473241,23108754,17925859,18437218,18213454,2790777,4639742,432996,4829047,1960260,13644,9466171,10301758,15191412,10346837,14947912,10847394,8605953,12304461,10985542,8185097,11179473,8470585,7021460,7266541,11717475,7429439,12932383,12341390,1511164,4218881,4976926,5350957,2588553,3296047,11107446,4152595,5053783,10892818,3725726,4952936,9612001,10632726,4784222,10584086,4637257,6667425,17963741,17869752,17791791,18862462,23571858,16845005,28158676,23930337,22003484,23822502,18542757,19701823,24742451,17692778,19444143,28577644,20266333,21801358,23628961,18313992,19822794,23669429,17770182,19416358,20533287,24952653,18056255,19108235,29271913,29477240,210407,16117542,12672545,12200972,10328980,10636567,14668082,13317000,14229176,14131306,14637764,22196894,157963,35243,84538,31695,169861,45625,58198,22400,54775
Lactate_90.03169_3.78,624308,674939,497633,657613,720548,6284,7305869,5843430,6068134,7356940,6854422,7242985,5828865,4688715,4344747,4073915,4233664,5129442,2908216,3062594,2313108,2541500,3556140,2630664,820626,853336,763084,833689,902541,818462,7582241,6517894,8730809,8896854,9295381,6296397,7159047,7160143,7527729,6879870,7378616,7208450,6609868,6556560,6177045,6411438,6549098,6518554,9107276,7137073,9201305,6446493,6746504,8736192,8232698,8692854,10253021,9084644,10508773,8285946,5250940,5118474,2866977,5671682,4254159,217087,7441979,6267004,6123920,6401943,6261670,6087115,577115,591530,560801,579567,449611,612619,5895897,5720221,5027569,4178928,5291608,4432291,915779,3145186,3274920,3873821,3868154,2971287,1593806,1833503,1660580,1987517,1885308,2083585,667634,650516,662762,671377,799111,627065,8995632,8068354,7948113,7813607,6279298,7634936,6519162,6928344,6733622,6662998,8270435,6625139,6215962,6577859,6679092,6156721,5569170,8356161,6133139,6156539,6815975,6417234,6723632,6794794,8043958,7482894,7647946,7771349,7542554,10189742,1385676,6004336,6077673,6968533,5628058,5912743,7148206,5925364,6189111,6229788,5880075,7227344,,,,,,,,,
